,Yields,Baseline,Predicted Yields,Origin,Coupling Partner
0,45.0,38.68284789644013,39.76863095238095,optimization,Phenylacetylene
1,0.0,38.68284789644013,24.312379685673804,optimization,Acetophenone
2,31.0,38.68284789644013,50.71307575757575,optimization,1-ethynyl-4-methylbenzene
3,58.0,38.68284789644013,44.97016922349237,optimization,1-ethynyl-4-methylbenzene
4,53.0,38.68284789644013,53.71666666666667,optimization,Nitrobenzene
5,33.0,38.68284789644013,23.501214261787403,optimization,1-ethynyl-4-methylbenzene
6,0.0,38.68284789644013,13.30525105042017,optimization,Acetophenone
7,42.0,38.68284789644013,23.15,optimization,Phenylacetylene
8,37.0,38.68284789644013,59.04713852813852,optimization,phenylacetylene
9,56.0,38.68284789644013,61.55441666666667,optimization,Phenylacetylene
10,0.0,38.68284789644013,13.30525105042017,optimization,Acetophenone
11,0.0,38.68284789644013,37.48395995670995,optimization,Acetophenone
12,1.0,38.68284789644013,38.74460464535464,optimization,1-ethynyl-4-methylbenzene
13,86.0,38.68284789644013,83.93511904761907,optimization,Phenylacetylene
14,72.0,38.68284789644013,81.55770052170053,optimization,Acetophenone
15,1.0,38.68284789644013,44.97016922349237,optimization,1-ethynyl-4-methylbenzene
16,74.0,38.68284789644013,64.92833333333333,optimization,Nitrobenzene
17,35.0,38.68284789644013,38.3327619047619,optimization,Nitrobenzene
18,49.0,38.68284789644013,54.04266305916306,optimization,Acetophenone
19,1.0,38.68284789644013,62.82970238095237,optimization,Nitrobenzene
20,68.0,38.68284789644013,53.71666666666667,optimization,Nitrobenzene
21,1.0,38.68284789644013,81.55770052170053,optimization,Acetophenone
22,0.0,38.68284789644013,22.52153174603175,optimization,Acetophenone
23,26.0,38.68284789644013,64.29884523809524,optimization,Phenylacetylene
24,1.0,38.68284789644013,30.43031746031746,optimization,Acetophenone
25,1.0,38.68284789644013,29.472666666666665,optimization,Acetophenone
26,0.0,38.68284789644013,23.01973809523809,optimization,Phenylacetylene
27,58.0,38.68284789644013,50.21333333333333,optimization,Nitrobenzene
28,0.0,38.68284789644013,6.46,optimization,Acetophenone
29,23.0,38.68284789644013,26.45834090909091,optimization,Acetophenone
30,96.0,38.68284789644013,78.6427095959596,optimization,Nitrobenzene
31,27.0,38.68284789644013,19.607310814185816,optimization,1-ethynyl-4-methylbenzene
32,0.0,38.68284789644013,10.125833333333334,optimization,Nitrobenzene
33,1.0,38.68284789644013,21.32,optimization,Nitrobenzene
34,0.0,38.68284789644013,26.69953174603175,optimization,Acetophenone
35,96.0,38.68284789644013,44.97016922349237,optimization,1-ethynyl-4-methylbenzene
36,69.0,38.68284789644013,67.7392987012987,optimization,1-ethynyl-4-methylbenzene
37,56.0,38.68284789644013,44.074511144986765,optimization,Acetophenone
38,15.0,38.68284789644013,7.556203007518798,optimization,1-ethynyl-4-methylbenzene
39,45.0,38.68284789644013,48.38,optimization,Nitrobenzene
40,65.0,38.68284789644013,82.41095238095238,optimization,Phenylacetylene
41,93.0,38.68284789644013,64.32954365079365,optimization,Phenylacetylene
42,28.0,38.68284789644013,51.686126984126986,optimization,Nitrobenzene
43,92.0,38.68284789644013,81.55770052170053,optimization,Acetophenone
44,67.0,38.68284789644013,40.603112942612945,optimization,Acetophenone
45,70.0,38.68284789644013,68.15491017316019,optimization,Acetophenone
46,17.0,38.68284789644013,30.07658333333334,optimization,1-ethynyl-4-methylbenzene
47,65.0,38.68284789644013,50.81577245956657,optimization,Acetophenone
48,0.0,38.68284789644013,39.44799937154348,optimization,Acetophenone
49,1.0,38.68284789644013,4.866203007518797,optimization,1-ethynyl-4-methylbenzene
50,46.0,38.68284789644013,32.156666666666666,optimization,Nitrobenzene
51,39.0,38.68284789644013,29.614394230769225,optimization,Acetophenone
52,47.0,38.68284789644013,2.595,optimization,1-ethynyl-4-methylbenzene
53,98.0,38.68284789644013,34.37578896103896,optimization,Acetophenone
54,0.0,38.68284789644013,58.020586940836935,optimization,Phenylacetylene
55,42.0,38.68284789644013,39.165,optimization,Nitrobenzene
56,42.0,38.68284789644013,14.347833333333334,optimization,Nitrobenzene
57,69.0,38.68284789644013,71.38142424242423,optimization,phenylacetylene
58,0.0,38.68284789644013,34.032333333333334,optimization,Nitrobenzene
59,65.0,38.68284789644013,68.81380952380952,optimization,phenylacetylene
60,64.0,38.68284789644013,81.55770052170053,optimization,Acetophenone
61,20.0,38.68284789644013,10.156,optimization,Acetophenone
62,50.0,38.68284789644013,43.31,optimization,Nitrobenzene
63,1.0,38.68284789644013,9.344285714285714,optimization,Nitrobenzene
64,49.0,38.68284789644013,31.832666666666665,optimization,Acetophenone
65,43.0,38.68284789644013,78.69398412698412,optimization,Phenylacetylene
66,24.0,38.68284789644013,24.8524880952381,optimization,1-ethynyl-4-methylbenzene
67,25.0,38.68284789644013,36.69961097236097,optimization,Acetophenone
68,21.0,38.68284789644013,12.307991702741704,optimization,Acetophenone
69,69.0,38.68284789644013,70.03833333333334,optimization,1-ethynyl-4-methylbenzene
70,0.0,38.68284789644013,38.1049365079365,optimization,Acetophenone
71,44.0,38.68284789644013,34.28355555555555,optimization,1-ethynyl-4-methylbenzene
72,77.0,38.68284789644013,54.68767060717057,optimization,1-ethynyl-4-methylbenzene
73,28.0,38.68284789644013,30.642357142857144,optimization,Acetophenone
74,75.0,38.68284789644013,51.34095238095237,optimization,Nitrobenzene
75,26.0,38.68284789644013,6.647166666666666,optimization,Phenylacetylene
76,11.0,38.68284789644013,20.211177128427124,optimization,Acetophenone
77,41.0,38.68284789644013,53.48968517593519,optimization,Acetophenone
78,0.0,38.68284789644013,37.159411477411474,optimization,Acetophenone
79,1.0,38.68284789644013,54.68767060717057,optimization,1-ethynyl-4-methylbenzene
80,0.0,38.68284789644013,11.456726190476191,optimization,Acetophenone
81,98.0,38.68284789644013,68.96085909923407,optimization,Acetophenone
82,56.0,38.68284789644013,40.89570909645909,optimization,Acetophenone
83,30.0,38.68284789644013,66.27321428571427,optimization,Acetophenone
84,56.0,38.68284789644013,40.89570909645909,optimization,Acetophenone
85,31.0,38.68284789644013,36.99552200577201,optimization,Acetophenone
86,35.0,38.68284789644013,12.125,optimization,Acetophenone
87,31.0,38.68284789644013,24.37,optimization,Acetophenone
88,1.0,38.68284789644013,10.642000000000001,optimization,Acetophenone
89,0.0,38.68284789644013,25.6,optimization,Acetophenone
90,55.0,38.68284789644013,41.52666666666667,optimization,phenylacetylene
91,75.0,38.68284789644013,30.642357142857144,optimization,Acetophenone
92,1.0,38.68284789644013,34.32863292263292,optimization,Acetophenone
93,58.0,38.68284789644013,42.33808333333332,optimization,Nitrobenzene
94,74.0,38.68284789644013,34.89190476190476,optimization,phenylacetylene
95,33.0,38.68284789644013,62.752213203463214,optimization,Acetophenone
96,75.0,38.68284789644013,61.20057142857142,optimization,phenylacetylene
97,83.0,38.68284789644013,53.48968517593519,optimization,Acetophenone
98,43.0,38.68284789644013,30.642357142857144,optimization,Acetophenone
99,0.0,38.68284789644013,29.060357142857143,optimization,Acetophenone
100,0.0,38.68284789644013,30.792357142857146,optimization,Acetophenone
101,95.0,38.68284789644013,78.96469047619048,optimization,Nitrobenzene
102,0.0,38.68284789644013,65.13048412698414,optimization,Phenylacetylene
103,30.0,38.68284789644013,14.177999999999999,optimization,Acetophenone
104,0.0,38.68284789644013,3.9,optimization,Acetophenone
105,1.0,38.68284789644013,63.26748412698413,optimization,Phenylacetylene
106,1.0,38.68284789644013,12.859694444444441,optimization,Acetophenone
107,31.0,38.68284789644013,31.78,optimization,Nitrobenzene
108,1.0,38.68284789644013,25.066384920634924,optimization,Nitrobenzene
109,1.0,38.68284789644013,54.68767060717057,optimization,1-ethynyl-4-methylbenzene
110,1.0,38.68284789644013,74.36107142857142,optimization,Nitrobenzene
111,99.0,38.68284789644013,51.31365476190476,optimization,Nitrobenzene
112,50.0,38.68284789644013,70.72548799811298,optimization,Acetophenone
113,63.0,38.68284789644013,51.293362054612025,optimization,1-ethynyl-4-methoxybenzene
114,0.0,38.68284789644013,30.9395,optimization,Acetophenone
115,1.0,38.68284789644013,84.18096320346322,optimization,Phenylacetylene
116,48.0,38.68284789644013,40.89570909645909,optimization,Acetophenone
117,53.0,38.68284789644013,74.34,optimization,Nitrobenzene
118,35.0,38.68284789644013,67.50912687312685,optimization,Acetophenone
119,25.0,38.68284789644013,7.257000000000001,optimization,Acetophenone
120,87.0,38.68284789644013,68.96085909923407,optimization,Acetophenone
121,0.0,38.68284789644013,6.431845238095238,optimization,Acetophenone
122,50.0,38.68284789644013,36.7,optimization,Nitrobenzene
123,30.0,38.68284789644013,68.11079996392495,optimization,Acetophenone
124,98.0,38.68284789644013,47.969122238872245,optimization,phenylacetylene
125,23.0,38.68284789644013,26.43985209235209,optimization,Acetophenone
126,36.0,38.68284789644013,64.04846406371406,optimization,Acetophenone
127,60.0,38.68284789644013,20.4535,optimization,Acetophenone
128,49.0,38.68284789644013,26.407047619047617,optimization,Acetophenone
129,25.0,38.68284789644013,45.80024155011655,optimization,Acetophenone
130,88.0,38.68284789644013,52.746,optimization,Nitrobenzene
131,47.0,38.68284789644013,2.97,optimization,1-ethynyl-4-methylbenzene
132,83.0,38.68284789644013,24.244762237762238,optimization,1-ethynyl-4-methylbenzene
133,0.0,38.68284789644013,1.41,optimization,Acetophenone
134,55.0,38.68284789644013,44.665,optimization,phenylacetylene
135,44.0,38.68284789644013,14.800785714285716,optimization,Acetophenone
136,18.0,38.68284789644013,22.749040043290048,optimization,Acetophenone
137,42.0,38.68284789644013,19.895,optimization,Phenylacetylene
138,20.0,38.68284789644013,35.505,optimization,Nitrobenzene
139,29.0,38.68284789644013,41.60644047619047,optimization,Nitrobenzene
140,67.0,38.68284789644013,82.87081529581528,optimization,Nitrobenzene
141,42.0,38.68284789644013,13.332261904761905,optimization,Nitrobenzene
142,45.0,38.68284789644013,32.654666666666664,optimization,Acetophenone
143,0.0,38.68284789644013,15.24957647907648,optimization,Acetophenone
144,0.0,38.68284789644013,60.50666727716729,optimization,Acetophenone
145,56.0,38.68284789644013,72.00314682539683,optimization,Phenylacetylene
146,80.0,38.68284789644013,66.94599114774115,optimization,phenylacetylene
147,11.0,38.68284789644013,15.624029165279167,optimization,Acetophenone
148,75.0,38.68284789644013,51.653977716727724,optimization,phenylacetylene
149,0.0,38.68284789644013,2.12,optimization,Acetophenone
150,42.0,38.68284789644013,36.716,optimization,Nitrobenzene
151,1.0,38.68284789644013,4.368888888888889,optimization,1-ethynyl-4-methylbenzene
152,76.0,38.68284789644013,52.67333333333334,optimization,Nitrobenzene
153,50.0,38.68284789644013,62.9845,optimization,Nitrobenzene
154,0.0,38.68284789644013,34.97418578643579,optimization,1-ethynyl-4-methylbenzene
155,0.0,38.68284789644013,7.9207857142857145,optimization,Acetophenone
156,0.0,38.68284789644013,9.620785714285715,optimization,Acetophenone
157,73.0,38.68284789644013,66.67183333333332,optimization,phenylacetylene
158,75.0,38.68284789644013,54.01570634920637,optimization,Acetophenone
159,62.0,38.68284789644013,47.597269841269835,optimization,Acetophenone
160,46.0,38.68284789644013,36.45952380952381,optimization,Nitrobenzene
161,1.0,38.68284789644013,30.34333333333333,optimization,1-ethynyl-4-methylbenzene
162,49.0,38.68284789644013,43.87333333333334,optimization,Nitrobenzene
163,45.0,38.68284789644013,46.74,optimization,Nitrobenzene
164,50.0,38.68284789644013,30.395016511266512,optimization,Acetophenone
165,63.0,38.68284789644013,63.00013492063492,optimization,Nitrobenzene
166,0.0,38.68284789644013,4.156789654789654,optimization,Acetophenone
167,39.0,38.68284789644013,27.89838888888889,optimization,Acetophenone
168,52.0,38.68284789644013,56.12033333333333,optimization,Nitrobenzene
169,8.0,38.68284789644013,24.04527197802198,optimization,Acetophenone
170,74.0,38.68284789644013,61.135,optimization,Nitrobenzene
171,38.0,38.68284789644013,25.775575396825403,optimization,Acetophenone
172,21.0,38.68284789644013,12.379580364080367,optimization,Acetophenone
173,41.0,38.68284789644013,58.94784632034629,optimization,Acetophenone
174,20.0,38.68284789644013,11.54,optimization,Acetophenone
175,19.0,38.68284789644013,34.63,optimization,phenylacetylene
176,30.0,38.68284789644013,63.7326085858586,optimization,Acetophenone
177,14.0,38.68284789644013,9.3578180985681,optimization,Acetophenone
178,1.0,38.68284789644013,9.535384615384615,optimization,Acetophenone
179,56.0,38.68284789644013,84.39539285714287,optimization,Phenylacetylene
180,77.0,38.68284789644013,35.49833333333333,optimization,Nitrobenzene
181,77.0,38.68284789644013,45.119151681651694,optimization,1-ethynyl-4-methylbenzene
182,31.0,38.68284789644013,45.119151681651694,optimization,1-ethynyl-4-methylbenzene
183,68.0,38.68284789644013,52.93333333333334,optimization,Nitrobenzene
184,66.0,38.68284789644013,75.9020293040293,optimization,Phenylacetylene
185,83.0,38.68284789644013,55.49898190698192,optimization,1-ethynyl-4-methylbenzene
186,33.0,38.68284789644013,61.6087261904762,optimization,Acetophenone
187,25.0,38.68284789644013,42.27085908209438,optimization,Acetophenone
188,46.0,38.68284789644013,41.84005555555555,optimization,Nitrobenzene
189,30.0,38.68284789644013,7.41357142857143,optimization,Acetophenone
190,52.0,38.68284789644013,12.697857142857142,optimization,Acetophenone
191,0.0,38.68284789644013,43.20599206349207,optimization,Acetophenone
192,48.0,38.68284789644013,42.27085908209438,optimization,Acetophenone
193,29.0,38.68284789644013,39.80949761186526,optimization,1-ethynyl-4-methylbenzene
194,26.0,38.68284789644013,21.35255952380952,optimization,Phenylacetylene
195,20.0,38.68284789644013,25.615476190476194,optimization,Phenylacetylene
196,75.0,38.68284789644013,53.20352411477411,optimization,Acetophenone
197,0.0,38.68284789644013,22.744666666666667,optimization,Nitrobenzene
198,67.0,38.68284789644013,72.252,optimization,phenylacetylene
199,83.0,38.68284789644013,14.611887916005564,optimization,1-ethynyl-4-methylbenzene
200,52.0,38.68284789644013,52.26687825207988,optimization,1-ethynyl-4-methylbenzene
201,0.0,38.68284789644013,21.9125,optimization,Nitrobenzene
202,40.0,38.68284789644013,27.039821428571432,optimization,Nitrobenzene
203,28.0,38.68284789644013,55.16736544011545,optimization,Nitrobenzene
204,87.0,38.68284789644013,71.8527476543065,optimization,Acetophenone
205,1.0,38.68284789644013,23.73572619047619,optimization,Phenylacetylene
206,39.0,38.68284789644013,14.901666666666666,optimization,Phenylacetylene
207,63.0,38.68284789644013,51.728398814850436,optimization,1-ethynyl-4-methoxybenzene
208,38.0,38.68284789644013,20.059274194372875,optimization,1-ethynyl-4-methylbenzene
209,5.0,38.68284789644013,17.970944444444445,optimization,Acetophenone
210,31.0,38.68284789644013,38.60833333333333,optimization,Nitrobenzene
211,0.0,38.68284789644013,28.3872453102453,optimization,Acetophenone
212,70.0,38.68284789644013,42.27085908209438,optimization,Acetophenone
213,1.0,38.68284789644013,52.26687825207988,optimization,1-ethynyl-4-methylbenzene
214,41.0,38.68284789644013,56.79215800865803,optimization,Acetophenone
215,20.0,38.68284789644013,13.4,optimization,Acetophenone
216,34.0,38.68284789644013,15.619107142857143,optimization,Acetophenone
217,56.0,38.68284789644013,68.91355189255188,optimization,Phenylacetylene
218,1.0,38.68284789644013,15.018333333333333,optimization,Acetophenone
219,0.0,38.68284789644013,44.89386969892852,optimization,Acetophenone
220,12.0,38.68284789644013,23.3875,optimization,Acetophenone
221,83.0,38.68284789644013,74.07433333333334,optimization,phenylacetylene
222,0.0,38.68284789644013,21.87172619047619,optimization,Phenylacetylene
223,8.0,38.68284789644013,19.417500000000004,optimization,Acetophenone
224,42.0,38.68284789644013,16.8,optimization,Phenylacetylene
225,17.0,38.68284789644013,76.49683333333334,optimization,Nitrobenzene
226,47.0,38.68284789644013,48.44,optimization,phenylacetylene
227,48.0,38.68284789644013,56.79215800865803,optimization,Acetophenone
228,75.0,38.68284789644013,22.998214285714283,optimization,Acetophenone
229,1.0,38.68284789644013,21.343484126984126,optimization,Nitrobenzene
230,66.0,38.68284789644013,18.192,optimization,Acetophenone
231,39.0,38.68284789644013,60.45391269841269,optimization,Nitrobenzene
232,66.0,38.68284789644013,74.82084229659228,optimization,Phenylacetylene
233,98.0,38.68284789644013,28.61074886224886,optimization,Acetophenone
234,1.0,38.68284789644013,10.719920634920634,optimization,1-ethynyl-4-methylbenzene
235,78.0,38.68284789644013,82.90958308358307,optimization,Nitrobenzene
236,44.0,38.68284789644013,36.53270238095238,optimization,Phenylacetylene
237,88.0,38.68284789644013,48.96000000000001,optimization,Nitrobenzene
238,39.0,38.68284789644013,46.307517857142855,optimization,1-ethynyl-4-methylbenzene
239,0.0,38.68284789644013,8.678424072659366,optimization,1-ethynyl-4-methylbenzene
240,1.0,38.68284789644013,21.542920634920637,optimization,1-ethynyl-4-methylbenzene
241,43.0,38.68284789644013,22.998214285714283,optimization,Acetophenone
242,48.0,38.68284789644013,30.506610028860027,optimization,Acetophenone
243,18.0,38.68284789644013,12.314749999999998,optimization,Acetophenone
244,53.0,38.68284789644013,61.93035714285714,optimization,Nitrobenzene
245,42.0,38.68284789644013,33.848333333333336,optimization,Nitrobenzene
246,52.0,38.68284789644013,22.998214285714283,optimization,Acetophenone
247,50.0,38.68284789644013,68.25155208680209,optimization,Acetophenone
248,0.0,38.68284789644013,42.421523226773225,optimization,Acetophenone
249,98.0,38.68284789644013,66.81927394827397,optimization,Acetophenone
250,0.0,38.68284789644013,33.986714285714285,optimization,Acetophenone
251,0.0,38.68284789644013,31.56,optimization,Acetophenone
252,0.0,38.68284789644013,24.6224126984127,optimization,1-ethynyl-4-methylbenzene
253,43.0,38.68284789644013,75.03139285714286,optimization,Phenylacetylene
254,74.0,38.68284789644013,63.697738095238094,optimization,Nitrobenzene
255,39.0,38.68284789644013,22.90416666666667,optimization,Phenylacetylene
256,69.0,38.68284789644013,70.51066666666665,optimization,phenylacetylene
257,14.0,38.68284789644013,8.32195238095238,optimization,Acetophenone
258,29.0,38.68284789644013,44.24730952380953,optimization,Nitrobenzene
259,89.0,38.68284789644013,71.96487138351844,optimization,phenylacetylene
260,36.0,38.68284789644013,72.2741746031746,optimization,Acetophenone
261,56.0,38.68284789644013,48.400765012765035,optimization,Acetophenone
262,23.0,38.68284789644013,17.9625,optimization,Nitrobenzene
263,45.0,38.68284789644013,43.532666666666664,optimization,Acetophenone
264,31.0,38.68284789644013,25.031231601731605,optimization,Acetophenone
265,67.0,38.68284789644013,83.88484920634923,optimization,Nitrobenzene
266,0.0,38.68284789644013,21.466782967032962,optimization,Acetophenone
267,82.0,38.68284789644013,66.81927394827397,optimization,Acetophenone
268,83.0,38.68284789644013,59.212800870697926,optimization,1-ethynyl-4-methylbenzene
269,0.0,38.68284789644013,4.427119047619048,optimization,Acetophenone
270,65.0,38.68284789644013,60.27841666666667,optimization,phenylacetylene
271,53.0,38.68284789644013,71.7775,optimization,Nitrobenzene
272,27.0,38.68284789644013,45.76166666666667,optimization,Nitrobenzene
273,44.0,38.68284789644013,41.81504365079365,optimization,Phenylacetylene
274,39.0,38.68284789644013,49.43969463869464,optimization,1-ethynyl-4-methylbenzene
275,43.0,38.68284789644013,41.04218253968253,optimization,Acetophenone
276,98.0,38.68284789644013,66.81927394827397,optimization,Acetophenone
277,75.0,38.68284789644013,73.797,optimization,phenylacetylene
278,20.0,38.68284789644013,23.71066666666666,optimization,Phenylacetylene
279,83.0,38.68284789644013,73.797,optimization,phenylacetylene
280,1.0,38.68284789644013,48.400765012765035,optimization,Acetophenone
281,72.0,38.68284789644013,71.92464285714286,optimization,Nitrobenzene
282,30.0,38.68284789644013,60.98708802308803,optimization,Acetophenone
283,77.0,38.68284789644013,83.88484920634923,optimization,Nitrobenzene
284,0.0,38.68284789644013,30.858642857142858,optimization,Acetophenone
285,0.0,38.68284789644013,9.525833333333333,optimization,Nitrobenzene
286,80.0,38.68284789644013,83.88484920634923,optimization,Nitrobenzene
287,10.0,38.68284789644013,10.088613636363636,optimization,1-ethynyl-4-methylbenzene
288,34.0,38.68284789644013,14.530857142857144,optimization,Acetophenone
289,93.0,38.68284789644013,75.03139285714286,optimization,Phenylacetylene
290,45.0,38.68284789644013,29.570444444444444,optimization,Phenylacetylene
291,31.0,38.68284789644013,48.34112859526096,optimization,1-ethynyl-4-methylbenzene
292,20.0,38.68284789644013,13.58,optimization,Acetophenone
293,48.0,38.68284789644013,72.2741746031746,optimization,Acetophenone
294,1.0,38.68284789644013,22.236113636363633,optimization,1-ethynyl-4-methylbenzene
295,34.0,38.68284789644013,19.094087301587297,optimization,Acetophenone
296,0.0,38.68284789644013,11.84125,optimization,Acetophenone
297,24.0,38.68284789644013,20.976025641025643,optimization,1-ethynyl-4-methylbenzene
298,44.0,38.68284789644013,48.34112859526096,optimization,1-ethynyl-4-methylbenzene
299,1.0,38.68284789644013,72.2741746031746,optimization,Acetophenone
300,0.0,38.68284789644013,3.39,optimization,Acetophenone
301,31.0,38.68284789644013,44.88166666666667,optimization,Nitrobenzene
302,96.0,38.68284789644013,47.23464285714286,optimization,Nitrobenzene
303,61.0,38.68284789644013,51.32344463869464,optimization,1-ethynyl-4-methoxybenzene
304,35.0,38.68284789644013,43.30666666666666,optimization,Nitrobenzene
305,0.0,38.68284789644013,66.45530244755246,optimization,Acetophenone
306,36.0,38.68284789644013,48.400765012765035,optimization,Acetophenone
307,0.0,38.68284789644013,6.562428571428573,optimization,Acetophenone
308,65.0,38.68284789644013,72.2741746031746,optimization,Acetophenone
309,20.0,38.68284789644013,14.845999999999998,optimization,Acetophenone
310,23.0,38.68284789644013,33.382222222222225,optimization,Acetophenone
311,56.0,38.68284789644013,36.96965437340437,optimization,Acetophenone
312,61.0,38.68284789644013,36.96965437340437,optimization,Acetophenone
313,1.0,38.68284789644013,72.81054761904763,optimization,Phenylacetylene
314,39.0,38.68284789644013,28.018920634920633,optimization,Acetophenone
315,1.0,38.68284789644013,72.5397142857143,optimization,Phenylacetylene
316,65.0,38.68284789644013,62.65666666666666,optimization,phenylacetylene
317,1.0,38.68284789644013,19.265611111111113,optimization,Nitrobenzene
318,70.0,38.68284789644013,36.96965437340437,optimization,Acetophenone
319,56.0,38.68284789644013,82.63819047619046,optimization,Phenylacetylene
320,52.0,38.68284789644013,12.699939393939394,optimization,Acetophenone
321,76.0,38.68284789644013,82.06652380952383,optimization,Phenylacetylene
322,39.0,38.68284789644013,37.68488095238095,optimization,Phenylacetylene
323,1.0,38.68284789644013,48.922655996781,optimization,1-ethynyl-4-methylbenzene
324,76.0,38.68284789644013,44.65666666666666,optimization,Nitrobenzene
325,88.0,38.68284789644013,58.26266666666666,optimization,Nitrobenzene
326,83.0,38.68284789644013,73.95266666666666,optimization,phenylacetylene
327,86.0,38.68284789644013,82.90485714285714,optimization,Phenylacetylene
328,0.0,38.68284789644013,9.475992063492065,optimization,Acetophenone
329,55.0,38.68284789644013,67.41057142857144,optimization,1-ethynyl-4-methoxybenzene
330,50.0,38.68284789644013,44.92,optimization,Nitrobenzene
331,0.0,38.68284789644013,3.82,optimization,Acetophenone
332,77.0,38.68284789644013,48.922655996781,optimization,1-ethynyl-4-methylbenzene
333,0.0,38.68284789644013,60.9206794871795,optimization,1-ethynyl-4-methylbenzene
334,31.0,38.68284789644013,54.05200000000001,optimization,1-ethynyl-4-methylbenzene
335,76.0,38.68284789644013,49.425,optimization,Nitrobenzene
336,86.0,38.68284789644013,82.90485714285714,optimization,Phenylacetylene
337,1.0,38.68284789644013,62.00151984126984,optimization,Acetophenone
338,25.0,38.68284789644013,1.36,optimization,Acetophenone
339,20.0,38.68284789644013,2.02,optimization,Acetophenone
340,98.0,38.68284789644013,73.57188515651015,optimization,Acetophenone
341,8.0,38.68284789644013,22.980655982905983,optimization,Acetophenone
342,77.0,38.68284789644013,25.49666666666667,optimization,Nitrobenzene
343,1.0,38.68284789644013,23.109380785880777,optimization,1-ethynyl-4-methylbenzene
344,0.0,38.68284789644013,9.382638528138527,optimization,Acetophenone
345,0.0,38.68284789644013,44.25047619047619,optimization,Nitrobenzene
346,60.0,38.68284789644013,16.18359090909091,optimization,Acetophenone
347,58.0,38.68284789644013,48.922655996781,optimization,1-ethynyl-4-methylbenzene
348,33.0,38.68284789644013,22.34248106060606,optimization,1-ethynyl-4-methylbenzene
349,41.0,38.68284789644013,62.00151984126984,optimization,Acetophenone
350,62.0,38.68284789644013,48.19988888888889,optimization,Acetophenone
351,24.0,38.68284789644013,19.926322344322344,optimization,1-ethynyl-4-methylbenzene
352,75.0,38.68284789644013,73.95266666666666,optimization,phenylacetylene
353,72.0,38.68284789644013,60.61166666666667,optimization,Nitrobenzene
354,11.0,38.68284789644013,11.219906204906206,optimization,Acetophenone
355,96.0,38.68284789644013,46.66,optimization,Nitrobenzene
356,95.0,38.68284789644013,50.54690476190477,optimization,Nitrobenzene
357,64.0,38.68284789644013,73.57188515651015,optimization,Acetophenone
358,84.0,38.68284789644013,62.00151984126984,optimization,Acetophenone
359,0.0,38.68284789644013,3.0831439393939393,optimization,Acetophenone
360,34.0,38.68284789644013,8.654535714285714,optimization,Acetophenone
361,83.0,38.68284789644013,65.14551282051282,optimization,1-ethynyl-4-methylbenzene
362,20.0,38.68284789644013,63.71754761904762,optimization,Phenylacetylene
363,0.0,38.68284789644013,12.960888528138527,optimization,Acetophenone
364,55.0,38.68284789644013,54.63933333333333,optimization,phenylacetylene
365,28.0,38.68284789644013,53.92680158730158,optimization,Nitrobenzene
366,63.0,38.68284789644013,61.95668253968254,optimization,Nitrobenzene
367,0.0,38.68284789644013,12.530362554112555,optimization,Acetophenone
368,56.0,38.68284789644013,64.59385497835497,optimization,Phenylacetylene
369,50.0,38.68284789644013,66.41233333333334,optimization,Nitrobenzene
370,26.0,38.68284789644013,63.697987734487725,optimization,Phenylacetylene
371,0.0,38.68284789644013,24.241904761904763,optimization,Nitrobenzene
372,55.0,38.68284789644013,80.81673015873014,optimization,phenylacetylene
373,25.0,38.68284789644013,4.93,optimization,Acetophenone
374,1.0,38.68284789644013,14.813375985125985,optimization,1-ethynyl-4-methylbenzene
375,20.0,38.68284789644013,36.67,optimization,Nitrobenzene
376,74.0,38.68284789644013,29.327380952380953,optimization,phenylacetylene
377,34.0,38.68284789644013,10.12125,optimization,Acetophenone
378,45.0,38.68284789644013,43.32004761904763,optimization,Acetophenone
379,83.0,38.68284789644013,69.5294693664179,optimization,1-ethynyl-4-methylbenzene
380,15.0,38.68284789644013,9.520934065934066,optimization,1-ethynyl-4-methylbenzene
381,18.0,38.68284789644013,22.017431457431456,optimization,Acetophenone
382,83.0,38.68284789644013,50.74667460317459,optimization,Acetophenone
383,11.0,38.68284789644013,19.817457431457434,optimization,Acetophenone
384,1.0,38.68284789644013,10.925928571428571,optimization,Acetophenone
385,80.0,38.68284789644013,59.175236111111104,optimization,phenylacetylene
386,80.0,38.68284789644013,81.94473762348764,optimization,Nitrobenzene
387,24.0,38.68284789644013,24.0324126984127,optimization,Acetophenone
388,46.0,38.68284789644013,37.60583333333334,optimization,Nitrobenzene
389,14.0,38.68284789644013,10.202912698412698,optimization,Acetophenone
390,23.0,38.68284789644013,29.204285714285717,optimization,Acetophenone
391,29.0,38.68284789644013,36.89977456367162,optimization,1-ethynyl-4-methylbenzene
392,0.0,38.68284789644013,40.22666666666667,optimization,Acetophenone
393,88.0,38.68284789644013,68.90539101829546,optimization,Acetophenone
394,52.0,38.68284789644013,57.50166666666667,optimization,Nitrobenzene
395,92.0,38.68284789644013,68.90539101829546,optimization,Acetophenone
396,45.0,38.68284789644013,31.31383333333333,optimization,Acetophenone
397,31.0,38.68284789644013,53.42961718278281,optimization,1-ethynyl-4-methylbenzene
398,0.0,38.68284789644013,15.294500000000001,optimization,Nitrobenzene
399,49.0,38.68284789644013,62.46122275776339,optimization,1-ethynyl-4-methylbenzene
400,33.0,38.68284789644013,44.974438672438666,optimization,Acetophenone
401,88.0,38.68284789644013,43.4865,optimization,Nitrobenzene
402,50.0,38.68284789644013,67.24373658286159,optimization,Acetophenone
403,44.0,38.68284789644013,33.981987956487956,optimization,Phenylacetylene
404,75.0,38.68284789644013,48.732254467754466,optimization,Acetophenone
405,1.0,38.68284789644013,13.29,optimization,Nitrobenzene
406,1.0,38.68284789644013,27.411357142857142,optimization,Nitrobenzene
407,36.0,38.68284789644013,44.974438672438666,optimization,Acetophenone
408,72.0,38.68284789644013,60.75288888888888,optimization,Nitrobenzene
409,69.0,38.68284789644013,70.7454077501446,optimization,1-ethynyl-4-methylbenzene
410,49.0,38.68284789644013,38.19817857142858,optimization,Acetophenone
411,28.0,38.68284789644013,55.001830808080804,optimization,Nitrobenzene
412,52.0,38.68284789644013,14.379333333333332,optimization,Acetophenone
413,0.0,38.68284789644013,28.07,optimization,Acetophenone
414,86.0,38.68284789644013,84.08658333333337,optimization,Phenylacetylene
415,49.0,38.68284789644013,13.043500000000002,optimization,Acetophenone
416,23.0,38.68284789644013,30.462712121212125,optimization,Acetophenone
417,23.0,38.68284789644013,42.48842857142858,optimization,Nitrobenzene
418,62.0,38.68284789644013,42.048666666666676,optimization,Acetophenone
419,0.0,38.68284789644013,10.372222222222222,optimization,Acetophenone
420,98.0,38.68284789644013,57.96007936507935,optimization,Nitrobenzene
421,42.0,38.68284789644013,23.945454545454545,optimization,Phenylacetylene
422,20.0,38.68284789644013,41.74118398268398,optimization,Acetophenone
423,24.0,38.68284789644013,24.081398136091636,optimization,1-ethynyl-4-methylbenzene
424,70.0,38.68284789644013,59.91288888888889,optimization,Nitrobenzene
425,69.0,38.68284789644013,40.26173800468537,optimization,1-ethynyl-4-methylbenzene
426,30.0,38.68284789644013,61.41432690920192,optimization,Acetophenone
427,42.0,38.68284789644013,34.29333333333334,optimization,Nitrobenzene
428,49.0,38.68284789644013,44.974438672438666,optimization,Acetophenone
429,62.0,38.68284789644013,47.006,optimization,Acetophenone
430,53.0,38.68284789644013,58.44666666666666,optimization,Nitrobenzene
431,82.0,38.68284789644013,78.25191666666667,optimization,Phenylacetylene
432,53.0,38.68284789644013,63.14583333333333,optimization,Nitrobenzene
433,50.0,38.68284789644013,41.8,optimization,Nitrobenzene
434,38.0,38.68284789644013,15.71,optimization,phenylacetylene
435,51.0,38.68284789644013,45.24445238095238,optimization,1-ethynyl-4-methoxybenzene
436,38.0,38.68284789644013,39.257019993895,optimization,Acetophenone
437,26.0,38.68284789644013,69.89474999999999,optimization,Phenylacetylene
438,31.0,38.68284789644013,41.83929267954268,optimization,1-ethynyl-4-methylbenzene
439,82.0,38.68284789644013,63.09865589965589,optimization,1-ethynyl-4-methylbenzene
440,80.0,38.68284789644013,61.6669761904762,optimization,phenylacetylene
441,20.0,38.68284789644013,14.08,optimization,Acetophenone
442,1.0,38.68284789644013,24.714539155289152,optimization,1-ethynyl-4-methylbenzene
443,0.0,38.68284789644013,12.105496253746255,optimization,1-ethynyl-4-methylbenzene
444,43.0,38.68284789644013,78.4345119047619,optimization,Phenylacetylene
445,48.0,38.68284789644013,43.75587713675214,optimization,Acetophenone
446,49.0,38.68284789644013,25.3525,optimization,Acetophenone
447,1.0,38.68284789644013,73.23686363636364,optimization,Nitrobenzene
448,0.0,38.68284789644013,32.206833333333336,optimization,Phenylacetylene
449,0.0,38.68284789644013,15.261500000000002,optimization,Acetophenone
450,96.0,38.68284789644013,41.83929267954268,optimization,1-ethynyl-4-methylbenzene
451,58.0,38.68284789644013,41.83929267954268,optimization,1-ethynyl-4-methylbenzene
452,40.0,38.68284789644013,39.463249999999995,optimization,Acetophenone
453,1.0,38.68284789644013,19.537814213564214,optimization,1-ethynyl-4-methylbenzene
454,0.0,38.68284789644013,51.535978077478084,optimization,Acetophenone
455,67.0,38.68284789644013,38.54582467532468,optimization,Acetophenone
456,38.0,38.68284789644013,27.100499999999997,optimization,Acetophenone
457,46.0,38.68284789644013,27.945500000000003,optimization,Nitrobenzene
458,42.0,38.68284789644013,13.73,optimization,Phenylacetylene
459,23.0,38.68284789644013,19.547833333333333,optimization,Nitrobenzene
460,63.0,38.68284789644013,41.15459787434787,optimization,1-ethynyl-4-methoxybenzene
461,60.0,38.68284789644013,19.868499999999997,optimization,Acetophenone
462,0.0,38.68284789644013,40.311442141192146,optimization,Acetophenone
463,80.0,38.68284789644013,71.605,optimization,Nitrobenzene
464,0.0,38.68284789644013,5.516920301920301,optimization,Acetophenone
465,61.0,38.68284789644013,43.75587713675214,optimization,Acetophenone
466,25.0,38.68284789644013,43.75587713675214,optimization,Acetophenone
467,98.0,38.68284789644013,71.21833333333333,optimization,Nitrobenzene
468,1.0,38.68284789644013,3.695,optimization,Acetophenone
469,26.0,38.68284789644013,29.270166666666668,optimization,Phenylacetylene
470,1.0,38.68284789644013,23.186285853035855,optimization,1-ethynyl-4-methylbenzene
471,75.0,38.68284789644013,39.463249999999995,optimization,Acetophenone
472,17.0,38.68284789644013,72.671,optimization,Nitrobenzene
473,78.0,38.68284789644013,39.54473817848818,optimization,Acetophenone
474,52.0,38.68284789644013,28.574165223665222,optimization,1-ethynyl-4-methylbenzene
475,41.0,38.68284789644013,24.182488622488627,optimization,Acetophenone
476,0.0,38.68284789644013,10.189666666666668,optimization,Nitrobenzene
477,55.0,38.68284789644013,42.41478571428572,optimization,phenylacetylene
478,48.0,38.68284789644013,26.765344322344326,optimization,Acetophenone
479,58.0,38.68284789644013,21.274250000000002,optimization,Nitrobenzene
480,95.0,38.68284789644013,80.18491366966369,optimization,Nitrobenzene
481,8.0,38.68284789644013,26.951690281940287,optimization,Acetophenone
482,85.0,38.68284789644013,84.37,optimization,Phenylacetylene
483,1.0,38.68284789644013,39.463249999999995,optimization,Acetophenone
484,49.0,38.68284789644013,54.36414610389611,optimization,Acetophenone
485,1.0,38.68284789644013,14.47,optimization,Acetophenone
486,56.0,38.68284789644013,63.082833333333326,optimization,Phenylacetylene
487,68.0,38.68284789644013,52.77875,optimization,Nitrobenzene
488,1.0,38.68284789644013,22.4525,optimization,Acetophenone
489,20.0,38.68284789644013,14.68,optimization,Acetophenone
490,98.0,38.68284789644013,68.32585334110333,optimization,Acetophenone
491,23.0,38.68284789644013,25.96,optimization,Acetophenone
492,20.0,38.68284789644013,40.197305708180714,optimization,Acetophenone
493,27.0,38.68284789644013,42.74083333333334,optimization,Nitrobenzene
494,86.0,38.68284789644013,84.37,optimization,Phenylacetylene
495,42.0,38.68284789644013,37.73666666666667,optimization,Nitrobenzene
496,40.0,38.68284789644013,18.945376984126984,optimization,Nitrobenzene
497,29.0,38.68284789644013,58.15882142857143,optimization,Nitrobenzene
498,80.0,38.68284789644013,69.06271284271284,optimization,phenylacetylene
499,86.0,38.68284789644013,82.23083333333332,optimization,Phenylacetylene
500,0.0,38.68284789644013,2.01,optimization,Acetophenone
501,86.0,38.68284789644013,82.23083333333332,optimization,Phenylacetylene
502,31.0,38.68284789644013,45.083010487061955,optimization,1-ethynyl-4-methylbenzene
503,56.0,38.68284789644013,82.23083333333332,optimization,Phenylacetylene
504,17.0,38.68284789644013,68.66833333333334,optimization,Nitrobenzene
505,0.0,38.68284789644013,19.40890476190476,optimization,Phenylacetylene
506,1.0,38.68284789644013,45.75370264702617,optimization,1-ethynyl-4-methylbenzene
507,70.0,38.68284789644013,70.7,optimization,Nitrobenzene
508,8.0,38.68284789644013,23.222693473193473,optimization,Acetophenone
509,0.0,38.68284789644013,61.063988361311914,optimization,1-ethynyl-4-methylbenzene
510,63.0,38.68284789644013,46.35112607735401,optimization,1-ethynyl-4-methoxybenzene
511,39.0,38.68284789644013,45.91951960784314,optimization,1-ethynyl-4-methylbenzene
512,1.0,38.68284789644013,41.731524075597605,optimization,1-ethynyl-4-methylbenzene
513,55.0,38.68284789644013,79.71599999999997,optimization,phenylacetylene
514,98.0,38.68284789644013,66.66666666666666,optimization,Nitrobenzene
515,76.0,38.68284789644013,55.83,optimization,Nitrobenzene
516,0.0,38.68284789644013,4.2,optimization,Acetophenone
517,20.0,38.68284789644013,43.188,optimization,Nitrobenzene
518,45.0,38.68284789644013,43.13208333333333,optimization,Acetophenone
519,38.0,38.68284789644013,23.10333333333333,optimization,phenylacetylene
520,0.0,38.68284789644013,26.511757575757574,optimization,Acetophenone
521,53.0,38.68284789644013,75.29,optimization,Nitrobenzene
522,83.0,38.68284789644013,79.71599999999997,optimization,phenylacetylene
523,0.0,38.68284789644013,27.037141636141637,optimization,Acetophenone
524,38.0,38.68284789644013,25.995272227772226,optimization,Acetophenone
525,0.0,38.68284789644013,29.103345238095233,optimization,Acetophenone
526,1.0,38.68284789644013,19.138123896528306,optimization,1-ethynyl-4-methylbenzene
527,65.0,38.68284789644013,53.31270202020204,optimization,Acetophenone
528,42.0,38.68284789644013,44.45,optimization,Nitrobenzene
529,0.0,38.68284789644013,22.8075,optimization,Nitrobenzene
530,0.0,38.68284789644013,4.35,optimization,Acetophenone
531,64.0,38.68284789644013,64.34542857142857,optimization,Phenylacetylene
532,0.0,38.68284789644013,7.753213203463205,optimization,Acetophenone
533,50.0,38.68284789644013,47.0,optimization,Nitrobenzene
534,0.0,38.68284789644013,1.5982857142857143,optimization,Acetophenone
535,93.0,38.68284789644013,64.34542857142857,optimization,Phenylacetylene
536,1.0,38.68284789644013,14.484761904761903,optimization,Acetophenone
537,17.0,38.68284789644013,27.20565367965368,optimization,1-ethynyl-4-methylbenzene
538,82.0,38.68284789644013,50.70430591630593,optimization,Acetophenone
539,0.0,38.68284789644013,40.33148412698412,optimization,Acetophenone
540,25.0,38.68284789644013,21.245,optimization,Acetophenone
541,77.0,38.68284789644013,45.083010487061955,optimization,1-ethynyl-4-methylbenzene
542,0.0,38.68284789644013,57.836653679653665,optimization,Acetophenone
543,39.0,38.68284789644013,57.59643956043956,optimization,Nitrobenzene
544,0.0,38.68284789644013,15.391287934287934,optimization,Acetophenone
545,0.0,38.68284789644013,28.0,optimization,Acetophenone
546,1.0,38.68284789644013,18.57785714285714,optimization,Acetophenone
547,31.0,38.68284789644013,25.139779553779555,optimization,Acetophenone
548,27.0,38.68284789644013,40.49,optimization,Nitrobenzene
549,25.0,38.68284789644013,46.23363111316789,optimization,Acetophenone
550,72.0,38.68284789644013,71.27445496170498,optimization,Acetophenone
551,30.0,38.68284789644013,59.424254329004334,optimization,Acetophenone
552,0.0,38.68284789644013,12.038908496732027,optimization,1-ethynyl-4-methylbenzene
553,31.0,38.68284789644013,25.285999999999998,optimization,Acetophenone
554,92.0,38.68284789644013,71.27445496170498,optimization,Acetophenone
555,33.0,38.68284789644013,44.071950121773654,optimization,1-ethynyl-4-methylbenzene
556,75.0,38.68284789644013,55.0338593073593,optimization,Nitrobenzene
557,65.0,38.68284789644013,68.32558333333331,optimization,phenylacetylene
558,51.0,38.68284789644013,46.00355555555556,optimization,1-ethynyl-4-methoxybenzene
559,38.0,38.68284789644013,22.98,optimization,phenylacetylene
560,80.0,38.68284789644013,71.27680519480518,optimization,phenylacetylene
561,33.0,38.68284789644013,50.40630339105339,optimization,Acetophenone
562,65.0,38.68284789644013,54.16551973026974,optimization,Acetophenone
563,1.0,38.68284789644013,50.40630339105339,optimization,Acetophenone
564,1.0,38.68284789644013,28.18221428571429,optimization,Acetophenone
565,85.0,38.68284789644013,83.10333333333332,optimization,Phenylacetylene
566,26.0,38.68284789644013,65.01285714285713,optimization,Phenylacetylene
567,50.0,38.68284789644013,70.57429656454656,optimization,Acetophenone
568,98.0,38.68284789644013,55.21084620934623,optimization,phenylacetylene
569,0.0,38.68284789644013,14.773202020202021,optimization,Acetophenone
570,52.0,38.68284789644013,9.915547619047619,optimization,Acetophenone
571,0.0,38.68284789644013,25.037057414807414,optimization,1-ethynyl-4-methylbenzene
572,30.0,38.68284789644013,6.725,optimization,Acetophenone
573,56.0,38.68284789644013,82.18,optimization,Phenylacetylene
574,1.0,38.68284789644013,29.29721428571429,optimization,Acetophenone
575,55.0,38.68284789644013,81.02419047619046,optimization,phenylacetylene
576,45.0,38.68284789644013,45.62166666666666,optimization,Nitrobenzene
577,67.0,38.68284789644013,83.62766650016653,optimization,Nitrobenzene
578,88.0,38.68284789644013,58.508666666666656,optimization,Nitrobenzene
579,1.0,38.68284789644013,51.82595415695417,optimization,1-ethynyl-4-methylbenzene
580,47.0,38.68284789644013,39.54380952380952,optimization,phenylacetylene
581,65.0,38.68284789644013,75.63402380952381,optimization,Phenylacetylene
582,44.0,38.68284789644013,51.82595415695417,optimization,1-ethynyl-4-methylbenzene
583,1.0,38.68284789644013,38.03672727272727,optimization,Acetophenone
584,64.0,38.68284789644013,75.63402380952381,optimization,Phenylacetylene
585,43.0,38.68284789644013,67.98819047619048,optimization,phenylacetylene
586,52.0,38.68284789644013,51.82595415695417,optimization,1-ethynyl-4-methylbenzene
587,31.0,38.68284789644013,13.61888888888889,optimization,Acetophenone
588,10.0,38.68284789644013,5.69,optimization,1-ethynyl-4-methylbenzene
589,67.0,38.68284789644013,66.32266666666666,optimization,phenylacetylene
590,0.0,38.68284789644013,29.000488095238094,optimization,Acetophenone
591,31.0,38.68284789644013,51.82595415695417,optimization,1-ethynyl-4-methylbenzene
592,1.0,38.68284789644013,80.31563272838274,optimization,Acetophenone
593,95.0,38.68284789644013,65.05833333333334,optimization,Nitrobenzene
594,42.0,38.68284789644013,41.83166666666666,optimization,Nitrobenzene
595,0.0,38.68284789644013,4.81125,optimization,Acetophenone
596,1.0,38.68284789644013,47.13169047619047,optimization,Acetophenone
597,53.0,38.68284789644013,56.1225,optimization,Nitrobenzene
598,46.0,38.68284789644013,50.40630339105339,optimization,Acetophenone
599,20.0,38.68284789644013,40.34,optimization,Nitrobenzene
600,30.0,38.68284789644013,21.16175,optimization,Acetophenone
601,63.0,38.68284789644013,50.764945609945606,optimization,1-ethynyl-4-methoxybenzene
602,64.0,38.68284789644013,80.31563272838274,optimization,Acetophenone
603,48.0,38.68284789644013,20.01348665223665,optimization,Acetophenone
604,63.0,38.68284789644013,67.15990295815295,optimization,Nitrobenzene
605,0.0,38.68284789644013,28.471277777777782,optimization,Acetophenone
606,92.0,38.68284789644013,80.31563272838274,optimization,Acetophenone
607,86.0,38.68284789644013,83.10333333333332,optimization,Phenylacetylene
608,45.0,38.68284789644013,55.47596103896103,optimization,Acetophenone
609,1.0,38.68284789644013,80.90333333333332,optimization,Phenylacetylene
610,1.0,38.68284789644013,27.94176648351648,optimization,1-ethynyl-4-methylbenzene
611,50.0,38.68284789644013,64.97033333333334,optimization,Nitrobenzene
612,41.0,38.68284789644013,15.894835858585857,optimization,Acetophenone
613,0.0,38.68284789644013,7.613666666666667,optimization,Acetophenone
614,25.0,38.68284789644013,44.302764430014435,optimization,Acetophenone
615,1.0,38.68284789644013,14.203638888888891,optimization,Acetophenone
616,23.0,38.68284789644013,17.9125,optimization,Nitrobenzene
617,20.0,38.68284789644013,37.75255952380952,optimization,Acetophenone
618,47.0,38.68284789644013,2.605,optimization,1-ethynyl-4-methylbenzene
619,0.0,38.68284789644013,10.964206349206346,optimization,Acetophenone
620,0.0,38.68284789644013,3.78,optimization,Acetophenone
621,11.0,38.68284789644013,24.31426182804124,optimization,Acetophenone
622,25.0,38.68284789644013,43.14373989164431,optimization,Acetophenone
623,0.0,38.68284789644013,10.505283625730995,optimization,1-ethynyl-4-methylbenzene
624,46.0,38.68284789644013,35.856,optimization,Nitrobenzene
625,0.0,38.68284789644013,68.59700793650795,optimization,Acetophenone
626,0.0,38.68284789644013,52.01675,optimization,Phenylacetylene
627,1.0,38.68284789644013,15.671634615384614,optimization,1-ethynyl-4-methylbenzene
628,41.0,38.68284789644013,25.19655192683134,optimization,Acetophenone
629,92.0,38.68284789644013,49.86765476190476,optimization,Nitrobenzene
630,49.0,38.68284789644013,28.03833333333333,optimization,Acetophenone
631,75.0,38.68284789644013,51.655,optimization,Nitrobenzene
632,0.0,38.68284789644013,34.586126984126984,optimization,Acetophenone
633,55.0,38.68284789644013,56.575,optimization,phenylacetylene
634,82.0,38.68284789644013,52.90826023976026,optimization,Acetophenone
635,0.0,38.68284789644013,33.7,optimization,Acetophenone
636,48.0,38.68284789644013,52.90826023976026,optimization,Acetophenone
637,80.0,38.68284789644013,84.96611435786437,optimization,Nitrobenzene
638,98.0,38.68284789644013,70.69546607314254,optimization,Acetophenone
639,69.0,38.68284789644013,69.88799999999999,optimization,phenylacetylene
640,52.0,38.68284789644013,25.686629870129874,optimization,Acetophenone
641,37.0,38.68284789644013,52.652666666666654,optimization,phenylacetylene
642,21.0,38.68284789644013,15.28990365843307,optimization,Acetophenone
643,93.0,38.68284789644013,65.76176190476191,optimization,Phenylacetylene
644,1.0,38.68284789644013,26.21004689754689,optimization,Nitrobenzene
645,83.0,38.68284789644013,58.14452602222338,optimization,1-ethynyl-4-methylbenzene
646,41.0,38.68284789644013,34.28696031746032,optimization,Acetophenone
647,23.0,38.68284789644013,49.82666666666667,optimization,Nitrobenzene
648,58.0,38.68284789644013,41.42933333333333,optimization,Nitrobenzene
649,61.0,38.68284789644013,43.14373989164431,optimization,Acetophenone
650,39.0,38.68284789644013,26.97,optimization,Phenylacetylene
651,65.0,38.68284789644013,81.4391666666667,optimization,Phenylacetylene
652,40.0,38.68284789644013,16.833166666666667,optimization,Nitrobenzene
653,24.0,38.68284789644013,25.30015277777778,optimization,1-ethynyl-4-methylbenzene
654,31.0,38.68284789644013,53.74640442890443,optimization,1-ethynyl-4-methylbenzene
655,48.0,38.68284789644013,33.601333333333336,optimization,Acetophenone
656,83.0,38.68284789644013,73.704,optimization,phenylacetylene
657,1.0,38.68284789644013,25.67,optimization,Acetophenone
658,1.0,38.68284789644013,23.48333333333333,optimization,Acetophenone
659,0.0,38.68284789644013,29.43,optimization,Acetophenone
660,69.0,38.68284789644013,55.15142287537023,optimization,1-ethynyl-4-methylbenzene
661,75.0,38.68284789644013,55.15142287537023,optimization,phenylacetylene
662,75.0,38.68284789644013,73.704,optimization,phenylacetylene
663,1.0,38.68284789644013,49.82666666666667,optimization,Nitrobenzene
664,75.0,38.68284789644013,25.686629870129874,optimization,Acetophenone
665,50.0,38.68284789644013,33.40032828282828,optimization,Acetophenone
666,68.0,38.68284789644013,52.58166666666667,optimization,Nitrobenzene
667,86.0,38.68284789644013,84.1241666666667,optimization,Phenylacetylene
668,25.0,38.68284789644013,14.46,optimization,Acetophenone
669,0.0,38.68284789644013,3.875,optimization,Acetophenone
670,52.0,38.68284789644013,45.34329980554363,optimization,1-ethynyl-4-methylbenzene
671,0.0,38.68284789644013,8.151428571428571,optimization,Acetophenone
672,67.0,38.68284789644013,84.96611435786437,optimization,Nitrobenzene
673,0.0,38.68284789644013,3.91,optimization,Acetophenone
674,47.0,38.68284789644013,73.653,optimization,phenylacetylene
675,75.0,38.68284789644013,42.0504512987013,optimization,Acetophenone
676,25.0,38.68284789644013,38.21600785978727,optimization,Acetophenone
677,11.0,38.68284789644013,11.382555056055057,optimization,Acetophenone
678,0.0,38.68284789644013,38.535,optimization,Nitrobenzene
679,0.0,38.68284789644013,13.647422514619883,optimization,1-ethynyl-4-methylbenzene
680,1.0,38.68284789644013,11.02532032509974,optimization,Acetophenone
681,28.0,38.68284789644013,46.9472023809524,optimization,Nitrobenzene
682,65.0,38.68284789644013,83.19765476190477,optimization,Phenylacetylene
683,78.0,38.68284789644013,83.89161904761905,optimization,Nitrobenzene
684,44.0,38.68284789644013,46.700380952380954,optimization,Phenylacetylene
685,33.0,38.68284789644013,45.93619298756798,optimization,Acetophenone
686,25.0,38.68284789644013,45.93619298756798,optimization,Acetophenone
687,1.0,38.68284789644013,48.7440119047619,optimization,Phenylacetylene
688,1.0,38.68284789644013,33.92409199134199,optimization,Acetophenone
689,0.0,38.68284789644013,23.842632034632032,optimization,Acetophenone
690,31.0,38.68284789644013,18.57,optimization,Acetophenone
691,1.0,38.68284789644013,51.28122491234255,optimization,1-ethynyl-4-methylbenzene
692,31.0,38.68284789644013,38.365,optimization,Nitrobenzene
693,45.0,38.68284789644013,47.755333333333326,optimization,Acetophenone
694,87.0,38.68284789644013,71.63672784229014,optimization,Acetophenone
695,26.0,38.68284789644013,71.84829761904761,optimization,Phenylacetylene
696,43.0,38.68284789644013,83.28195238095238,optimization,Phenylacetylene
697,1.0,38.68284789644013,36.420500000000004,optimization,Acetophenone
698,0.0,38.68284789644013,25.73301587301587,optimization,Acetophenone
699,77.0,38.68284789644013,83.89161904761905,optimization,Nitrobenzene
700,38.0,38.68284789644013,38.32004365079366,optimization,Acetophenone
701,83.0,38.68284789644013,50.44057420357418,optimization,Acetophenone
702,8.0,38.68284789644013,27.49175757575757,optimization,Acetophenone
703,1.0,38.68284789644013,29.72885714285714,optimization,Nitrobenzene
704,31.0,38.68284789644013,51.28122491234255,optimization,1-ethynyl-4-methylbenzene
705,76.0,38.68284789644013,52.19333333333334,optimization,Nitrobenzene
706,17.0,38.68284789644013,29.09077813852814,optimization,1-ethynyl-4-methylbenzene
707,42.0,38.68284789644013,14.875,optimization,Nitrobenzene
708,19.0,38.68284789644013,37.592,optimization,phenylacetylene
709,25.0,38.68284789644013,12.105,optimization,Acetophenone
710,1.0,38.68284789644013,6.158428571428572,optimization,Acetophenone
711,36.0,38.68284789644013,67.19252777777778,optimization,Nitrobenzene
712,1.0,38.68284789644013,71.24959920634922,optimization,Nitrobenzene
713,25.0,38.68284789644013,35.90815420690421,optimization,Acetophenone
714,1.0,38.68284789644013,20.325166666666668,optimization,Acetophenone
715,0.0,38.68284789644013,39.84267063492063,optimization,1-ethynyl-4-methylbenzene
716,30.0,38.68284789644013,64.45826955062482,optimization,Acetophenone
717,56.0,38.68284789644013,84.28408333333334,optimization,Phenylacetylene
718,44.0,38.68284789644013,37.811479076479074,optimization,1-ethynyl-4-methylbenzene
719,0.0,38.68284789644013,32.79125,optimization,Acetophenone
720,34.0,38.68284789644013,15.925376984126983,optimization,Acetophenone
721,1.0,38.68284789644013,32.963297813297814,optimization,1-ethynyl-4-methylbenzene
722,58.0,38.68284789644013,39.47333333333333,optimization,Nitrobenzene
723,43.0,38.68284789644013,66.58655952380953,optimization,phenylacetylene
724,92.0,38.68284789644013,51.28122491234255,optimization,1-ethynyl-4-methylbenzene
725,20.0,38.68284789644013,11.61,optimization,Acetophenone
726,0.0,38.68284789644013,47.17363888888889,optimization,Nitrobenzene
727,67.0,38.68284789644013,83.89161904761905,optimization,Nitrobenzene
728,78.0,38.68284789644013,33.66967939735703,optimization,Acetophenone
729,53.0,38.68284789644013,62.04583333333333,optimization,Nitrobenzene
730,0.0,38.68284789644013,4.199646464646464,optimization,Acetophenone
731,31.0,38.68284789644013,26.88900460650461,optimization,Acetophenone
732,64.0,38.68284789644013,83.28195238095238,optimization,Phenylacetylene
733,0.0,38.68284789644013,24.48166666666667,optimization,Nitrobenzene
734,95.0,38.68284789644013,83.89161904761905,optimization,Nitrobenzene
735,69.0,38.68284789644013,45.667617826617814,optimization,1-ethynyl-4-methylbenzene
736,0.0,38.68284789644013,35.854513598243855,optimization,Acetophenone
737,24.0,38.68284789644013,27.702968614718614,optimization,1-ethynyl-4-methylbenzene
738,83.0,38.68284789644013,73.74185714285713,optimization,phenylacetylene
739,23.0,38.68284789644013,27.762138888888888,optimization,Acetophenone
740,48.0,38.68284789644013,30.562707070707074,optimization,Acetophenone
741,1.0,38.68284789644013,13.53,optimization,Acetophenone
742,69.0,38.68284789644013,69.975,optimization,1-ethynyl-4-methylbenzene
743,62.0,38.68284789644013,50.10499999999999,optimization,Acetophenone
744,45.0,38.68284789644013,39.86508333333333,optimization,Acetophenone
745,83.0,38.68284789644013,74.19163492063493,optimization,phenylacetylene
746,31.0,38.68284789644013,53.73445221445221,optimization,1-ethynyl-4-methylbenzene
747,36.0,38.68284789644013,65.97766666666666,optimization,Nitrobenzene
748,1.0,38.68284789644013,10.06,optimization,Nitrobenzene
749,99.0,38.68284789644013,65.97766666666666,optimization,Nitrobenzene
750,0.0,38.68284789644013,23.230533549783548,optimization,Acetophenone
751,1.0,38.68284789644013,18.7525154983905,optimization,1-ethynyl-4-methylbenzene
752,0.0,38.68284789644013,70.28601081026817,optimization,Acetophenone
753,24.0,38.68284789644013,28.095810536685534,optimization,1-ethynyl-4-methylbenzene
754,64.0,38.68284789644013,69.91372287598023,optimization,Acetophenone
755,35.0,38.68284789644013,36.04,optimization,Nitrobenzene
756,98.0,38.68284789644013,70.51,optimization,Nitrobenzene
757,76.0,38.68284789644013,56.5,optimization,Nitrobenzene
758,0.0,38.68284789644013,22.52681623931624,optimization,Acetophenone
759,8.0,38.68284789644013,30.244593795093795,optimization,Acetophenone
760,0.0,38.68284789644013,38.46763888888889,optimization,Acetophenone
761,17.0,38.68284789644013,65.97766666666666,optimization,Nitrobenzene
762,65.0,38.68284789644013,44.765904761904764,optimization,Acetophenone
763,45.0,38.68284789644013,44.77933333333333,optimization,Acetophenone
764,84.0,38.68284789644013,44.41563816738817,optimization,Acetophenone
765,25.0,38.68284789644013,34.05921525696527,optimization,Acetophenone
766,1.0,38.68284789644013,18.204050366300365,optimization,Acetophenone
767,34.0,38.68284789644013,38.46763888888889,optimization,Acetophenone
768,78.0,38.68284789644013,83.15023665223663,optimization,Nitrobenzene
769,46.0,38.68284789644013,40.18704051504053,optimization,Acetophenone
770,1.0,38.68284789644013,11.99090909090909,optimization,Acetophenone
771,1.0,38.68284789644013,57.912079365079364,optimization,Phenylacetylene
772,1.0,38.68284789644013,40.55344461094461,optimization,Acetophenone
773,55.0,38.68284789644013,53.69748251748251,optimization,phenylacetylene
774,0.0,38.68284789644013,29.275944444444445,optimization,Acetophenone
775,52.0,38.68284789644013,47.386363237359404,optimization,1-ethynyl-4-methylbenzene
776,82.0,38.68284789644013,44.41563816738817,optimization,Acetophenone
777,30.0,38.68284789644013,59.78197238872238,optimization,Acetophenone
778,0.0,38.68284789644013,3.66392735042735,optimization,Acetophenone
779,66.0,38.68284789644013,72.0745518925519,optimization,Phenylacetylene
780,62.0,38.68284789644013,46.584333333333326,optimization,Acetophenone
781,38.0,38.68284789644013,39.501666666666665,optimization,phenylacetylene
782,48.0,38.68284789644013,44.41563816738817,optimization,Acetophenone
783,0.0,38.68284789644013,72.62944196081696,optimization,Acetophenone
784,61.0,38.68284789644013,40.18704051504053,optimization,Acetophenone
785,0.0,38.68284789644013,31.797481185481193,optimization,Acetophenone
786,53.0,38.68284789644013,50.135,optimization,Nitrobenzene
787,0.0,38.68284789644013,42.55498502886003,optimization,1-ethynyl-4-methylbenzene
788,0.0,38.68284789644013,28.92,optimization,Acetophenone
789,82.0,38.68284789644013,69.91372287598023,optimization,Acetophenone
790,87.0,38.68284789644013,69.91372287598023,optimization,Acetophenone
791,20.0,38.68284789644013,13.57,optimization,Acetophenone
792,29.0,38.68284789644013,50.7787738095238,optimization,Nitrobenzene
793,0.0,38.68284789644013,29.580928571428576,optimization,Phenylacetylene
794,48.0,38.68284789644013,40.18704051504053,optimization,Acetophenone
795,50.0,38.68284789644013,37.939166666666665,optimization,Nitrobenzene
796,36.0,38.68284789644013,60.102894815152176,optimization,Acetophenone
797,19.0,38.68284789644013,42.439666666666675,optimization,phenylacetylene
798,80.0,38.68284789644013,83.15023665223663,optimization,Nitrobenzene
799,0.0,38.68284789644013,25.144952380952386,optimization,Nitrobenzene
800,50.0,38.68284789644013,47.06,optimization,Nitrobenzene
801,1.0,38.68284789644013,44.2560866910867,optimization,1-ethynyl-4-methylbenzene
802,46.0,38.68284789644013,33.90833333333333,optimization,Nitrobenzene
803,69.0,38.68284789644013,71.74180952380952,optimization,phenylacetylene
804,47.0,38.68284789644013,71.78041666666667,optimization,phenylacetylene
805,73.0,38.68284789644013,67.60380952380953,optimization,phenylacetylene
806,1.0,38.68284789644013,85.43891558441561,optimization,Phenylacetylene
807,63.0,38.68284789644013,56.79735714285715,optimization,1-ethynyl-4-methoxybenzene
808,1.0,38.68284789644013,22.781,optimization,Acetophenone
809,50.0,38.68284789644013,41.63916666666666,optimization,Nitrobenzene
810,75.0,38.68284789644013,29.530499999999996,optimization,Acetophenone
811,1.0,38.68284789644013,30.113857142857146,optimization,Phenylacetylene
812,80.0,38.68284789644013,77.159126984127,optimization,Nitrobenzene
813,74.0,38.68284789644013,56.981428571428566,optimization,Nitrobenzene
814,82.0,38.68284789644013,85.7169155844156,optimization,Phenylacetylene
815,1.0,38.68284789644013,35.283063325563326,optimization,Acetophenone
816,44.0,38.68284789644013,47.321416666666664,optimization,Phenylacetylene
817,96.0,38.68284789644013,77.159126984127,optimization,Nitrobenzene
818,94.0,38.68284789644013,66.49754761904761,optimization,Phenylacetylene
819,69.0,38.68284789644013,75.35038095238096,optimization,phenylacetylene
820,80.0,38.68284789644013,70.0925,optimization,Nitrobenzene
821,1.0,38.68284789644013,11.993833333333335,optimization,Nitrobenzene
822,67.0,38.68284789644013,38.135603174603176,optimization,Acetophenone
823,36.0,38.68284789644013,68.53067460317459,optimization,Nitrobenzene
824,42.0,38.68284789644013,26.69990476190476,optimization,Phenylacetylene
825,18.0,38.68284789644013,14.063916666666666,optimization,Acetophenone
826,52.0,38.68284789644013,29.530499999999996,optimization,Acetophenone
827,38.0,38.68284789644013,34.73937547746371,optimization,Acetophenone
828,1.0,38.68284789644013,12.09265834165834,optimization,Acetophenone
829,75.0,38.68284789644013,49.96583333333333,optimization,Nitrobenzene
830,1.0,38.68284789644013,62.27426443001443,optimization,1-ethynyl-4-methylbenzene
831,0.0,38.68284789644013,8.251588827838827,optimization,Acetophenone
832,20.0,38.68284789644013,23.07690476190476,optimization,Phenylacetylene
833,0.0,38.68284789644013,1.23,optimization,Acetophenone
834,1.0,38.68284789644013,6.7283333333333335,optimization,1-ethynyl-4-methylbenzene
835,96.0,38.68284789644013,45.69,optimization,Nitrobenzene
836,0.0,38.68284789644013,2.45,optimization,Acetophenone
837,30.0,38.68284789644013,10.890799422799422,optimization,Acetophenone
838,47.0,38.68284789644013,51.67333333333333,optimization,Nitrobenzene
839,65.0,38.68284789644013,66.49754761904761,optimization,Phenylacetylene
840,35.0,38.68284789644013,66.32462128076602,optimization,Acetophenone
841,65.0,38.68284789644013,56.86028083028083,optimization,phenylacetylene
842,24.0,38.68284789644013,27.945357142857148,optimization,Acetophenone
843,80.0,38.68284789644013,63.544227481668656,optimization,phenylacetylene
844,35.0,38.68284789644013,33.56083333333333,optimization,Nitrobenzene
845,0.0,38.68284789644013,14.454,optimization,Acetophenone
846,1.0,38.68284789644013,25.31809126984126,optimization,Nitrobenzene
847,1.0,38.68284789644013,51.50916666666666,optimization,1-ethynyl-4-methylbenzene
848,0.0,38.68284789644013,4.7245,optimization,Acetophenone
849,44.0,38.68284789644013,62.27426443001443,optimization,1-ethynyl-4-methylbenzene
850,36.0,38.68284789644013,58.8288812168224,optimization,Acetophenone
851,1.0,38.68284789644013,62.27426443001443,optimization,1-ethynyl-4-methylbenzene
852,82.0,38.68284789644013,51.46662049062049,optimization,Acetophenone
853,46.0,38.68284789644013,39.040416666666665,optimization,Nitrobenzene
854,66.0,38.68284789644013,18.09075,optimization,Acetophenone
855,21.0,38.68284789644013,17.18153604728605,optimization,Acetophenone
856,66.0,38.68284789644013,71.18872692666811,optimization,Phenylacetylene
857,36.0,38.68284789644013,44.56284611630199,optimization,Acetophenone
858,11.0,38.68284789644013,15.176419913419913,optimization,Acetophenone
859,60.0,38.68284789644013,11.3475,optimization,Acetophenone
860,20.0,38.68284789644013,5.99,optimization,Acetophenone
861,92.0,38.68284789644013,62.27426443001443,optimization,1-ethynyl-4-methylbenzene
862,55.0,38.68284789644013,54.01442857142857,optimization,1-ethynyl-4-methoxybenzene
863,52.0,38.68284789644013,8.56745051353875,optimization,Acetophenone
864,56.0,38.68284789644013,84.96024891774894,optimization,Phenylacetylene
865,58.0,38.68284789644013,62.27426443001443,optimization,1-ethynyl-4-methylbenzene
866,1.0,38.68284789644013,62.27426443001443,optimization,1-ethynyl-4-methylbenzene
867,12.0,38.68284789644013,27.88975,optimization,Acetophenone
868,44.0,38.68284789644013,7.3925,optimization,Acetophenone
869,52.0,38.68284789644013,51.61166666666667,optimization,Nitrobenzene
870,52.0,38.68284789644013,36.70996428571428,optimization,Acetophenone
871,96.0,38.68284789644013,49.875610722610716,optimization,1-ethynyl-4-methylbenzene
872,50.0,38.68284789644013,29.50689008214008,optimization,Acetophenone
873,98.0,38.68284789644013,48.47943506493506,optimization,Acetophenone
874,52.0,38.68284789644013,11.445944444444445,optimization,Acetophenone
875,40.0,38.68284789644013,36.70996428571428,optimization,Acetophenone
876,5.0,38.68284789644013,35.80603161870809,optimization,Acetophenone
877,41.0,38.68284789644013,22.190456349206347,optimization,Acetophenone
878,45.0,38.68284789644013,45.18,optimization,Nitrobenzene
879,1.0,38.68284789644013,26.372833333333336,optimization,Nitrobenzene
880,1.0,38.68284789644013,14.98,optimization,Acetophenone
881,30.0,38.68284789644013,10.1325,optimization,Acetophenone
882,64.0,38.68284789644013,79.21365406815407,optimization,Acetophenone
883,23.0,38.68284789644013,12.494833333333334,optimization,Acetophenone
884,43.0,38.68284789644013,76.31563095238094,optimization,Phenylacetylene
885,80.0,38.68284789644013,81.73105683205681,optimization,Nitrobenzene
886,0.0,38.68284789644013,48.63390800865802,optimization,Acetophenone
887,41.0,38.68284789644013,35.59905651048298,optimization,Acetophenone
888,0.0,38.68284789644013,42.160327922077926,optimization,Acetophenone
889,72.0,38.68284789644013,62.86,optimization,Nitrobenzene
890,25.0,38.68284789644013,38.00335082564494,optimization,Acetophenone
891,46.0,38.68284789644013,49.875610722610716,optimization,1-ethynyl-4-methylbenzene
892,0.0,38.68284789644013,13.172357142857143,optimization,Acetophenone
893,1.0,38.68284789644013,23.66133333333333,optimization,Nitrobenzene
894,88.0,38.68284789644013,48.37666666666666,optimization,Nitrobenzene
895,34.0,38.68284789644013,10.324833333333334,optimization,Acetophenone
896,56.0,38.68284789644013,41.568183848830905,optimization,Acetophenone
897,41.0,38.68284789644013,62.42096392496394,optimization,Acetophenone
898,31.0,38.68284789644013,49.875610722610716,optimization,1-ethynyl-4-methylbenzene
899,1.0,38.68284789644013,26.9552098293863,optimization,Acetophenone
900,12.0,38.68284789644013,22.039166666666667,optimization,Acetophenone
901,1.0,38.68284789644013,16.96376526251526,optimization,1-ethynyl-4-methylbenzene
902,0.0,38.68284789644013,25.32530952380952,optimization,Acetophenone
903,1.0,38.68284789644013,23.46366239316239,optimization,Nitrobenzene
904,74.0,38.68284789644013,61.68083333333333,optimization,Nitrobenzene
905,0.0,38.68284789644013,0.78,optimization,Acetophenone
906,60.0,38.68284789644013,79.21365406815407,optimization,Acetophenone
907,64.0,38.68284789644013,76.31563095238094,optimization,Phenylacetylene
908,11.0,38.68284789644013,38.21032593387005,optimization,Acetophenone
909,55.0,38.68284789644013,80.80222222222223,optimization,phenylacetylene
910,44.0,38.68284789644013,35.86083333333333,optimization,1-ethynyl-4-methylbenzene
911,29.0,38.68284789644013,42.871626984126976,optimization,1-ethynyl-4-methylbenzene
912,62.0,38.68284789644013,46.95083333333333,optimization,Acetophenone
913,1.0,38.68284789644013,62.42096392496394,optimization,Acetophenone
914,98.0,38.68284789644013,63.67,optimization,Nitrobenzene
915,1.0,38.68284789644013,49.875610722610716,optimization,1-ethynyl-4-methylbenzene
916,26.0,38.68284789644013,74.87780158730159,optimization,Phenylacetylene
917,38.0,38.68284789644013,23.91791666666666,optimization,Acetophenone
918,84.0,38.68284789644013,62.42096392496394,optimization,Acetophenone
919,1.0,38.68284789644013,23.56,optimization,Acetophenone
920,1.0,38.68284789644013,32.516666666666666,optimization,Acetophenone
921,17.0,38.68284789644013,68.12225000000001,optimization,Nitrobenzene
922,56.0,38.68284789644013,75.74042063492062,optimization,Phenylacetylene
923,65.0,38.68284789644013,79.21365406815407,optimization,Acetophenone
924,30.0,38.68284789644013,67.71649747474747,optimization,Acetophenone
925,0.0,38.68284789644013,21.243000000000002,optimization,Phenylacetylene
926,93.0,38.68284789644013,76.31563095238094,optimization,Phenylacetylene
927,83.0,38.68284789644013,16.392045454545453,optimization,1-ethynyl-4-methylbenzene
928,1.0,38.68284789644013,31.342432539682545,optimization,1-ethynyl-4-methylbenzene
929,29.0,38.68284789644013,51.59491666666667,optimization,Nitrobenzene
930,75.0,38.68284789644013,26.434773809523808,optimization,Acetophenone
931,65.0,38.68284789644013,82.14293542568542,optimization,Phenylacetylene
932,98.0,38.68284789644013,60.7435,optimization,Nitrobenzene
933,55.0,38.68284789644013,58.82899999999999,optimization,1-ethynyl-4-methoxybenzene
934,17.0,38.68284789644013,73.26583333333336,optimization,Nitrobenzene
935,78.0,38.68284789644013,39.75784138084138,optimization,Acetophenone
936,1.0,38.68284789644013,23.87916666666667,optimization,Nitrobenzene
937,20.0,38.68284789644013,3.35,optimization,Acetophenone
938,67.0,38.68284789644013,68.06129365079364,optimization,phenylacetylene
939,84.0,38.68284789644013,60.005761904761904,optimization,Acetophenone
940,55.0,38.68284789644013,80.59380952380953,optimization,phenylacetylene
941,1.0,38.68284789644013,43.173633838383836,optimization,Acetophenone
942,39.0,38.68284789644013,25.89407142857143,optimization,Phenylacetylene
943,38.0,38.68284789644013,25.346803284134168,optimization,1-ethynyl-4-methylbenzene
944,12.0,38.68284789644013,29.90520238095238,optimization,Acetophenone
945,95.0,38.68284789644013,45.18500000000001,optimization,Nitrobenzene
946,0.0,38.68284789644013,11.204205627705626,optimization,Acetophenone
947,92.0,38.68284789644013,47.741503428417126,optimization,1-ethynyl-4-methylbenzene
948,0.0,38.68284789644013,6.09,optimization,Acetophenone
949,48.0,38.68284789644013,25.512949855699855,optimization,Acetophenone
950,38.0,38.68284789644013,16.926380952380953,optimization,Acetophenone
951,1.0,38.68284789644013,12.871768037518036,optimization,Acetophenone
952,0.0,38.68284789644013,3.71,optimization,Acetophenone
953,41.0,38.68284789644013,20.874886363636364,optimization,Acetophenone
954,1.0,38.68284789644013,49.03403191253191,optimization,1-ethynyl-4-methylbenzene
955,98.0,38.68284789644013,71.15022539960037,optimization,Acetophenone
956,1.0,38.68284789644013,12.85922619047619,optimization,Acetophenone
957,25.0,38.68284789644013,2.31,optimization,Acetophenone
958,28.0,38.68284789644013,47.37891774891775,optimization,Nitrobenzene
959,44.0,38.68284789644013,13.179380952380953,optimization,Acetophenone
960,1.0,38.68284789644013,53.84711452436452,optimization,1-ethynyl-4-methylbenzene
961,23.0,38.68284789644013,24.235833333333336,optimization,Nitrobenzene
962,80.0,38.68284789644013,82.24722619047621,optimization,Nitrobenzene
963,46.0,38.68284789644013,44.82633472409943,optimization,Acetophenone
964,1.0,38.68284789644013,15.757186896436899,optimization,Acetophenone
965,53.0,38.68284789644013,65.11583333333334,optimization,Nitrobenzene
966,44.0,38.68284789644013,30.269320346320345,optimization,1-ethynyl-4-methylbenzene
967,1.0,38.68284789644013,27.138261904761904,optimization,Nitrobenzene
968,20.0,38.68284789644013,6.96,optimization,Acetophenone
969,1.0,38.68284789644013,22.331020372601255,optimization,1-ethynyl-4-methylbenzene
970,11.0,38.68284789644013,18.8777842990343,optimization,Acetophenone
971,33.0,38.68284789644013,50.66190492840493,optimization,1-ethynyl-4-methylbenzene
972,64.0,38.68284789644013,71.15022539960037,optimization,Acetophenone
973,1.0,38.68284789644013,7.76,optimization,Nitrobenzene
974,76.0,38.68284789644013,50.74,optimization,Nitrobenzene
975,49.0,38.68284789644013,44.75666666666667,optimization,Nitrobenzene
976,93.0,38.68284789644013,64.45613492063491,optimization,Phenylacetylene
977,47.0,38.68284789644013,48.00516666666667,optimization,phenylacetylene
978,0.0,38.68284789644013,10.494568722943722,optimization,Acetophenone
979,0.0,38.68284789644013,63.71409035409035,optimization,1-ethynyl-4-methylbenzene
980,1.0,38.68284789644013,60.005761904761904,optimization,Acetophenone
981,35.0,38.68284789644013,62.5051076284826,optimization,Acetophenone
982,53.0,38.68284789644013,53.10416666666668,optimization,Nitrobenzene
983,0.0,38.68284789644013,30.150916666666667,optimization,Acetophenone
984,36.0,38.68284789644013,44.82633472409943,optimization,Acetophenone
985,36.0,38.68284789644013,59.98929986679984,optimization,Acetophenone
986,1.0,38.68284789644013,47.741503428417126,optimization,1-ethynyl-4-methylbenzene
987,1.0,38.68284789644013,22.191999999999997,optimization,Nitrobenzene
988,80.0,38.68284789644013,64.23506385281385,optimization,phenylacetylene
989,52.0,38.68284789644013,26.434773809523808,optimization,Acetophenone
990,1.0,38.68284789644013,64.47333333333334,optimization,Nitrobenzene
991,41.0,38.68284789644013,21.879666666666665,optimization,Acetophenone
992,0.0,38.68284789644013,9.923333333333332,optimization,Acetophenone
993,0.0,38.68284789644013,38.324333333333335,optimization,Acetophenone
994,80.0,38.68284789644013,69.0628253968254,optimization,phenylacetylene
995,45.0,38.68284789644013,43.16333333333334,optimization,Nitrobenzene
996,80.0,38.68284789644013,71.49111111111111,optimization,Nitrobenzene
997,30.0,38.68284789644013,65.96468861693862,optimization,Acetophenone
998,43.0,38.68284789644013,77.4955,optimization,Phenylacetylene
999,1.0,38.68284789644013,10.831190476190475,optimization,Nitrobenzene
1000,49.0,38.68284789644013,66.58907389832389,optimization,1-ethynyl-4-methylbenzene
1001,38.0,38.68284789644013,48.28166666666666,optimization,Nitrobenzene
1002,95.0,38.68284789644013,79.12734415584417,optimization,Nitrobenzene
1003,1.0,38.68284789644013,8.788672438672439,optimization,1-ethynyl-4-methylbenzene
1004,92.0,38.68284789644013,42.53200187372826,optimization,1-ethynyl-4-methylbenzene
1005,78.0,38.68284789644013,68.33225396825397,optimization,phenylacetylene
1006,73.0,38.68284789644013,72.05879761904762,optimization,phenylacetylene
1007,1.0,38.68284789644013,31.91133333333333,optimization,Acetophenone
1008,1.0,38.68284789644013,33.04083333333333,optimization,Acetophenone
1009,63.0,38.68284789644013,44.31921274618912,optimization,1-ethynyl-4-methoxybenzene
1010,93.0,38.68284789644013,77.4955,optimization,Phenylacetylene
1011,5.0,38.68284789644013,18.9349696969697,optimization,Acetophenone
1012,36.0,38.68284789644013,60.111162282162276,optimization,Acetophenone
1013,38.0,38.68284789644013,13.867235823000529,optimization,1-ethynyl-4-methylbenzene
1014,1.0,38.68284789644013,28.91,optimization,Acetophenone
1015,72.0,38.68284789644013,51.6175,optimization,Nitrobenzene
1016,62.0,38.68284789644013,47.80299999999999,optimization,Acetophenone
1017,65.0,38.68284789644013,70.33526469363969,optimization,Acetophenone
1018,0.0,38.68284789644013,34.31619047619048,optimization,Acetophenone
1019,14.0,38.68284789644013,11.643704906204905,optimization,Acetophenone
1020,40.0,38.68284789644013,40.577944444444434,optimization,Acetophenone
1021,82.0,38.68284789644013,83.59541666666668,optimization,Phenylacetylene
1022,1.0,38.68284789644013,15.070666666666666,optimization,Acetophenone
1023,45.0,38.68284789644013,36.53166666666666,optimization,Acetophenone
1024,53.0,38.68284789644013,63.58452380952381,optimization,Nitrobenzene
1025,98.0,38.68284789644013,62.63444444444444,optimization,Nitrobenzene
1026,88.0,38.68284789644013,53.906111111111116,optimization,Nitrobenzene
1027,86.0,38.68284789644013,84.59958333333336,optimization,Phenylacetylene
1028,24.0,38.68284789644013,38.58619670607169,optimization,1-ethynyl-4-methylbenzene
1029,76.0,38.68284789644013,49.241190476190475,optimization,Nitrobenzene
1030,0.0,38.68284789644013,28.335,optimization,Nitrobenzene
1031,11.0,38.68284789644013,9.149704906204905,optimization,Acetophenone
1032,56.0,38.68284789644013,40.368009918186395,optimization,Acetophenone
1033,0.0,38.68284789644013,65.53069660894661,optimization,Acetophenone
1034,98.0,38.68284789644013,70.33526469363969,optimization,Acetophenone
1035,36.0,38.68284789644013,67.4848080808081,optimization,Acetophenone
1036,62.0,38.68284789644013,46.78133333333332,optimization,Acetophenone
1037,53.0,38.68284789644013,51.476190476190474,optimization,Nitrobenzene
1038,0.0,38.68284789644013,63.21083333333334,optimization,Phenylacetylene
1039,65.0,38.68284789644013,77.4955,optimization,Phenylacetylene
1040,74.0,38.68284789644013,55.59119047619048,optimization,Nitrobenzene
1041,29.0,38.68284789644013,40.47812205849705,optimization,1-ethynyl-4-methylbenzene
1042,20.0,38.68284789644013,41.82581818181818,optimization,Acetophenone
1043,1.0,38.68284789644013,16.16,optimization,Nitrobenzene
1044,1.0,38.68284789644013,42.58510327172826,optimization,1-ethynyl-4-methylbenzene
1045,42.0,38.68284789644013,12.612,optimization,Nitrobenzene
1046,53.0,38.68284789644013,70.31111111111112,optimization,Nitrobenzene
1047,0.0,38.68284789644013,3.5325,optimization,Acetophenone
1048,56.0,38.68284789644013,40.368009918186395,optimization,Acetophenone
1049,1.0,38.68284789644013,84.59958333333336,optimization,Phenylacetylene
1050,17.0,38.68284789644013,41.058672896547876,optimization,1-ethynyl-4-methylbenzene
1051,37.0,38.68284789644013,51.557428571428574,optimization,phenylacetylene
1052,75.0,38.68284789644013,71.47320634920635,optimization,phenylacetylene
1053,1.0,38.68284789644013,67.4848080808081,optimization,Acetophenone
1054,53.0,38.68284789644013,74.7275,optimization,Nitrobenzene
1055,56.0,38.68284789644013,44.29214573743249,optimization,Acetophenone
1056,53.0,38.68284789644013,54.29166666666666,optimization,Nitrobenzene
1057,98.0,38.68284789644013,47.971994717700596,optimization,phenylacetylene
1058,0.0,38.68284789644013,6.410893939393938,optimization,Acetophenone
1059,96.0,38.68284789644013,79.60583585858585,optimization,Nitrobenzene
1060,65.0,38.68284789644013,51.70924134199134,optimization,Acetophenone
1061,33.0,38.68284789644013,44.29214573743249,optimization,Acetophenone
1062,30.0,38.68284789644013,63.26313780663781,optimization,Acetophenone
1063,44.0,38.68284789644013,32.09480361305362,optimization,1-ethynyl-4-methylbenzene
1064,49.0,38.68284789644013,41.64875,optimization,Acetophenone
1065,98.0,38.68284789644013,74.22071428571428,optimization,Nitrobenzene
1066,65.0,38.68284789644013,65.81047619047621,optimization,Phenylacetylene
1067,11.0,38.68284789644013,18.49583930775107,optimization,Acetophenone
1068,63.0,38.68284789644013,47.97692904317904,optimization,1-ethynyl-4-methoxybenzene
1069,0.0,38.68284789644013,15.475459734709734,optimization,Acetophenone
1070,1.0,38.68284789644013,45.89583262978852,optimization,1-ethynyl-4-methylbenzene
1071,1.0,38.68284789644013,7.73879761904762,optimization,Acetophenone
1072,93.0,38.68284789644013,65.81047619047621,optimization,Phenylacetylene
1073,31.0,38.68284789644013,3.0660000000000003,optimization,Acetophenone
1074,1.0,38.68284789644013,37.93875,optimization,Acetophenone
1075,41.0,38.68284789644013,26.8526887973138,optimization,Acetophenone
1076,0.0,38.68284789644013,23.163295093795096,optimization,Acetophenone
1077,1.0,38.68284789644013,7.18,optimization,Acetophenone
1078,0.0,38.68284789644013,6.51,optimization,Acetophenone
1079,62.0,38.68284789644013,52.255,optimization,Acetophenone
1080,87.0,38.68284789644013,72.71322288822286,optimization,Acetophenone
1081,47.0,38.68284789644013,1.47,optimization,1-ethynyl-4-methylbenzene
1082,66.0,38.68284789644013,14.766060606060606,optimization,Acetophenone
1083,18.0,38.68284789644013,29.026583333333335,optimization,Acetophenone
1084,30.0,38.68284789644013,9.075666666666667,optimization,Acetophenone
1085,0.0,38.68284789644013,8.50129761904762,optimization,Acetophenone
1086,33.0,38.68284789644013,60.43213636363637,optimization,Acetophenone
1087,27.0,38.68284789644013,21.112796370296373,optimization,1-ethynyl-4-methylbenzene
1088,38.0,38.68284789644013,19.675072510822517,optimization,Acetophenone
1089,52.0,38.68284789644013,36.231452380952376,optimization,Acetophenone
1090,72.0,38.68284789644013,71.1175,optimization,Nitrobenzene
1091,68.0,38.68284789644013,54.29166666666666,optimization,Nitrobenzene
1092,1.0,38.68284789644013,63.941158730158705,optimization,Nitrobenzene
1093,0.0,38.68284789644013,25.26744155844156,optimization,Acetophenone
1094,52.0,38.68284789644013,17.204034493284492,optimization,1-ethynyl-4-methylbenzene
1095,60.0,38.68284789644013,16.1732619047619,optimization,Acetophenone
1096,1.0,38.68284789644013,15.47903982128982,optimization,Acetophenone
1097,24.0,38.68284789644013,15.7498981018981,optimization,1-ethynyl-4-methylbenzene
1098,80.0,38.68284789644013,69.52875,optimization,Nitrobenzene
1099,1.0,38.68284789644013,16.13825,optimization,Phenylacetylene
1100,14.0,38.68284789644013,8.618919913419914,optimization,Acetophenone
1101,0.0,38.68284789644013,25.26744155844156,optimization,Acetophenone
1102,96.0,38.68284789644013,45.89583262978852,optimization,1-ethynyl-4-methylbenzene
1103,46.0,38.68284789644013,42.04916666666666,optimization,Nitrobenzene
1104,1.0,38.68284789644013,27.51082611832612,optimization,Nitrobenzene
1105,50.0,38.68284789644013,28.484603174603173,optimization,Acetophenone
1106,49.0,38.68284789644013,39.54803129223717,optimization,1-ethynyl-4-methylbenzene
1107,41.0,38.68284789644013,58.014675324675316,optimization,Acetophenone
1108,20.0,38.68284789644013,2.455,optimization,Acetophenone
1109,1.0,38.68284789644013,20.947857142857142,optimization,Nitrobenzene
1110,0.0,38.68284789644013,25.26744155844156,optimization,Acetophenone
1111,82.0,38.68284789644013,62.195786630036636,optimization,1-ethynyl-4-methylbenzene
1112,0.0,38.68284789644013,15.44557142857143,optimization,Acetophenone
1113,39.0,38.68284789644013,17.49517094017094,optimization,Acetophenone
1114,51.0,38.68284789644013,44.476523809523805,optimization,phenylacetylene
1115,29.0,38.68284789644013,15.786519341769342,optimization,1-ethynyl-4-methylbenzene
1116,48.0,38.68284789644013,46.11431573981574,optimization,Acetophenone
1117,1.0,38.68284789644013,14.758333333333333,optimization,Nitrobenzene
1118,10.0,38.68284789644013,4.740833333333333,optimization,1-ethynyl-4-methylbenzene
1119,82.0,38.68284789644013,65.51690501165503,optimization,Acetophenone
1120,0.0,38.68284789644013,39.90428968253968,optimization,Acetophenone
1121,49.0,38.68284789644013,52.76583333333333,optimization,Nitrobenzene
1122,20.0,38.68284789644013,40.5925,optimization,Nitrobenzene
1123,0.0,38.68284789644013,17.594306277056276,optimization,1-ethynyl-4-methylbenzene
1124,1.0,38.68284789644013,22.245,optimization,Nitrobenzene
1125,83.0,38.68284789644013,72.14903174603177,optimization,phenylacetylene
1126,58.0,38.68284789644013,29.999860042735058,optimization,1-ethynyl-4-methylbenzene
1127,96.0,38.68284789644013,29.999860042735058,optimization,1-ethynyl-4-methylbenzene
1128,92.0,38.68284789644013,29.999860042735058,optimization,1-ethynyl-4-methylbenzene
1129,98.0,38.68284789644013,65.51690501165503,optimization,Acetophenone
1130,87.0,38.68284789644013,65.51690501165503,optimization,Acetophenone
1131,23.0,38.68284789644013,32.54840476190476,optimization,Acetophenone
1132,1.0,38.68284789644013,83.00588095238098,optimization,Phenylacetylene
1133,62.0,38.68284789644013,44.417056277056275,optimization,Acetophenone
1134,58.0,38.68284789644013,36.791,optimization,Nitrobenzene
1135,39.0,38.68284789644013,38.95973015873016,optimization,Phenylacetylene
1136,0.0,38.68284789644013,18.46402056277056,optimization,Acetophenone
1137,35.0,38.68284789644013,34.56341666666666,optimization,Nitrobenzene
1138,70.0,38.68284789644013,46.11431573981574,optimization,Acetophenone
1139,35.0,38.68284789644013,57.101019119769134,optimization,Acetophenone
1140,75.0,38.68284789644013,61.04638095238095,optimization,phenylacetylene
1141,40.0,38.68284789644013,40.18590873015874,optimization,Acetophenone
1142,20.0,38.68284789644013,13.915472222222224,optimization,Acetophenone
1143,82.0,38.68284789644013,53.0542242202242,optimization,Acetophenone
1144,1.0,38.68284789644013,15.220059523809525,optimization,Nitrobenzene
1145,50.0,38.68284789644013,36.26583333333333,optimization,Nitrobenzene
1146,61.0,38.68284789644013,46.11431573981574,optimization,Acetophenone
1147,37.0,38.68284789644013,58.29528571428572,optimization,phenylacetylene
1148,41.0,38.68284789644013,53.0542242202242,optimization,Acetophenone
1149,0.0,38.68284789644013,38.4170119047619,optimization,1-ethynyl-4-methylbenzene
1150,28.0,38.68284789644013,57.604571289821294,optimization,Nitrobenzene
1151,45.0,38.68284789644013,35.64958008658008,optimization,Acetophenone
1152,0.0,38.68284789644013,43.19840476190477,optimization,1-ethynyl-4-methylbenzene
1153,62.0,38.68284789644013,47.64391666666666,optimization,Acetophenone
1154,77.0,38.68284789644013,29.999860042735058,optimization,1-ethynyl-4-methylbenzene
1155,1.0,38.68284789644013,12.937513888888887,optimization,1-ethynyl-4-methylbenzene
1156,19.0,38.68284789644013,37.135238095238094,optimization,phenylacetylene
1157,92.0,38.68284789644013,65.51690501165503,optimization,Acetophenone
1158,72.0,38.68284789644013,72.578,optimization,Nitrobenzene
1159,38.0,38.68284789644013,56.64916666666666,optimization,Nitrobenzene
1160,31.0,38.68284789644013,13.99,optimization,Acetophenone
1161,8.0,38.68284789644013,33.86016891441892,optimization,Acetophenone
1162,77.0,38.68284789644013,57.97457142857144,optimization,phenylacetylene
1163,1.0,38.68284789644013,46.11431573981574,optimization,Acetophenone
1164,80.0,38.68284789644013,55.71538095238097,optimization,phenylacetylene
1165,1.0,38.68284789644013,51.36845634920635,optimization,Acetophenone
1166,15.0,38.68284789644013,6.090833333333332,optimization,1-ethynyl-4-methylbenzene
1167,18.0,38.68284789644013,25.978662698412695,optimization,Acetophenone
1168,38.0,38.68284789644013,37.438452380952384,optimization,Acetophenone
1169,25.0,38.68284789644013,46.11431573981574,optimization,Acetophenone
1170,31.0,38.68284789644013,52.87990476190476,optimization,1-ethynyl-4-methylbenzene
1171,76.0,38.68284789644013,84.30287301587303,optimization,Phenylacetylene
1172,1.0,38.68284789644013,67.00372619047619,optimization,Nitrobenzene
1173,0.0,38.68284789644013,5.643176129426129,optimization,1-ethynyl-4-methylbenzene
1174,0.0,38.68284789644013,6.118797619047619,optimization,Acetophenone
1175,31.0,38.68284789644013,29.999860042735058,optimization,1-ethynyl-4-methylbenzene
1176,0.0,38.68284789644013,20.02674675324675,optimization,Acetophenone
1177,70.0,38.68284789644013,62.50845707070708,optimization,Acetophenone
1178,78.0,38.68284789644013,84.65751587301587,optimization,Nitrobenzene
1179,0.0,38.68284789644013,35.26830952380953,optimization,1-ethynyl-4-methylbenzene
1180,69.0,38.68284789644013,31.416645958616545,optimization,1-ethynyl-4-methylbenzene
1181,15.0,38.68284789644013,4.38,optimization,1-ethynyl-4-methylbenzene
1182,70.0,38.68284789644013,59.39557142857143,optimization,Acetophenone
1183,72.0,38.68284789644013,65.94566666666667,optimization,Nitrobenzene
1184,1.0,38.68284789644013,36.47680952380952,optimization,Acetophenone
1185,44.0,38.68284789644013,53.196000000000005,optimization,Phenylacetylene
1186,74.0,38.68284789644013,36.541666666666664,optimization,phenylacetylene
1187,46.0,38.68284789644013,37.25666666666667,optimization,Nitrobenzene
1188,1.0,38.68284789644013,27.27,optimization,Acetophenone
1189,41.0,38.68284789644013,57.72457697857697,optimization,Acetophenone
1190,1.0,38.68284789644013,67.40567857142857,optimization,Phenylacetylene
1191,1.0,38.68284789644013,7.883059523809524,optimization,Acetophenone
1192,1.0,38.68284789644013,71.1390119047619,optimization,Phenylacetylene
1193,60.0,38.68284789644013,77.69675541125541,optimization,Acetophenone
1194,52.0,38.68284789644013,34.664,optimization,Acetophenone
1195,11.0,38.68284789644013,16.80752605890841,optimization,Acetophenone
1196,50.0,38.68284789644013,43.189523809523806,optimization,Nitrobenzene
1197,67.0,38.68284789644013,84.65751587301587,optimization,Nitrobenzene
1198,24.0,38.68284789644013,25.265529775176514,optimization,1-ethynyl-4-methylbenzene
1199,38.0,38.68284789644013,46.994,optimization,Nitrobenzene
1200,1.0,38.68284789644013,12.861320333261512,optimization,1-ethynyl-4-methylbenzene
1201,0.0,38.68284789644013,34.41,optimization,Acetophenone
1202,98.0,38.68284789644013,77.69675541125541,optimization,Acetophenone
1203,0.0,38.68284789644013,71.90403318903319,optimization,Acetophenone
1204,44.0,38.68284789644013,38.01236648155766,optimization,1-ethynyl-4-methylbenzene
1205,78.0,38.68284789644013,36.59262012987013,optimization,Acetophenone
1206,0.0,38.68284789644013,41.535626262626266,optimization,Acetophenone
1207,47.0,38.68284789644013,75.31111111111112,optimization,phenylacetylene
1208,82.0,38.68284789644013,77.69675541125541,optimization,Acetophenone
1209,92.0,38.68284789644013,77.69675541125541,optimization,Acetophenone
1210,98.0,38.68284789644013,77.12059523809523,optimization,Nitrobenzene
1211,38.0,38.68284789644013,13.943021506484424,optimization,1-ethynyl-4-methylbenzene
1212,0.0,38.68284789644013,15.917702380952383,optimization,Acetophenone
1213,83.0,38.68284789644013,21.975304487179493,optimization,1-ethynyl-4-methylbenzene
1214,0.0,38.68284789644013,20.499583333333334,optimization,Phenylacetylene
1215,51.0,38.68284789644013,47.16784523809524,optimization,1-ethynyl-4-methoxybenzene
1216,38.0,38.68284789644013,32.406777777777776,optimization,phenylacetylene
1217,31.0,38.68284789644013,40.556635142635145,optimization,Acetophenone
1218,0.0,38.68284789644013,39.43433333333333,optimization,Nitrobenzene
1219,0.0,38.68284789644013,24.202666666666666,optimization,Acetophenone
1220,0.0,38.68284789644013,12.753166666666665,optimization,Acetophenone
1221,42.0,38.68284789644013,38.034,optimization,Nitrobenzene
1222,31.0,38.68284789644013,36.25,optimization,Acetophenone
1223,1.0,38.68284789644013,39.03543284493284,optimization,1-ethynyl-4-methylbenzene
1224,0.0,38.68284789644013,11.752142857142857,optimization,Acetophenone
1225,93.0,38.68284789644013,66.84807142857143,optimization,Phenylacetylene
1226,50.0,38.68284789644013,66.59738095238096,optimization,Nitrobenzene
1227,23.0,38.68284789644013,42.610184371184374,optimization,Acetophenone
1228,86.0,38.68284789644013,85.27580952380953,optimization,Phenylacetylene
1229,96.0,38.68284789644013,42.77785392243448,optimization,1-ethynyl-4-methylbenzene
1230,42.0,38.68284789644013,37.19166666666666,optimization,Phenylacetylene
1231,82.0,38.68284789644013,60.28334528727879,optimization,1-ethynyl-4-methylbenzene
1232,1.0,38.68284789644013,39.94,optimization,Acetophenone
1233,26.0,38.68284789644013,61.387619047619054,optimization,Phenylacetylene
1234,24.0,38.68284789644013,26.925119463869464,optimization,Acetophenone
1235,74.0,38.68284789644013,63.16000000000001,optimization,Nitrobenzene
1236,1.0,38.68284789644013,74.04609523809523,optimization,Nitrobenzene
1237,1.0,38.68284789644013,77.69675541125541,optimization,Acetophenone
1238,49.0,38.68284789644013,59.157738011988016,optimization,1-ethynyl-4-methylbenzene
1239,0.0,38.68284789644013,25.82283333333333,optimization,Acetophenone
